Mw,exceedance_rate_unsegmented
7.2000000000000002,0.46234754633964087
7.21,0.45263579558887879
7.2199999999999998,0.44331860020634051
7.2300000000000004,0.43401135159779031
7.2400000000000002,0.42507876191924032
7.25,0.41615887254340217
7.2599999999999998,0.40759473485303055
7.2699999999999996,0.39904580022614045
7.2800000000000002,0.39083465037043424
7.29,0.3826409721408246
7.2999999999999998,0.37476800564397877
7.3099999999999996,0.36691456073086642
7.3200000000000003,0.35936560422369507
7.3300000000000001,0.35183801532395886
7.3399999999999999,0.34459949922789729
7.3499999999999996,0.33738400662947349
7.3600000000000003,0.33044293903970257
7.3700000000000001,0.32352637368284781
7.3799999999999999,0.31687031539731059
7.3899999999999997,0.31024007312784996
7.4000000000000004,0.30385711377113528
7.4100000000000001,0.29750113073217532
7.4199999999999999,0.291379865925667
7.4299999999999997,0.28528659503679055
7.4400000000000004,0.27941610456859778
7.4500000000000002,0.27357449304382758
7.46,0.26794431999413465
7.4699999999999998,0.26234378785216289
7.4800000000000004,0.25694391863162702
7.4900000000000002,0.25157433815394997
7.5,0.24639518341466046
7.5099999999999998,0.24124685950920507
7.5199999999999996,0.23627923588955455
7.5300000000000002,0.23134288731936978
7.54,0.22657799998590711
7.5499999999999998,0.22184474142426691
7.5599999999999996,0.21727416737528835
7.5700000000000003,0.2127354922503607
7.5800000000000001,0.20835116434749038
7.5899999999999999,0.20399892844128534
7.5999999999999996,0.19979312013696063
7.6100000000000003,0.19561952590504922
7.6200000000000001,0.19158483663508194
7.6299999999999999,0.18758241821485916
7.6399999999999997,0.18371175942675744
7.6500000000000004,0.17987336830366463
7.6600000000000001,0.17615995009266142
7.6699999999999999,0.17247874139508329
7.6799999999999997,0.16891605972106183
7.6900000000000004,0.16538547911592003
7.7000000000000002,0.16196730357564801
7.71,0.15858107473802313
7.7199999999999998,0.1553014368682262
7.7300000000000004,0.15205354949948416
7.7400000000000002,0.14890673158740322
7.75,0.14579142995750688
7.7599999999999998,0.14277195433661463
7.7699999999999996,0.13978372632735422
7.7800000000000002,0.13688634513688513
7.79,0.13401991176380684
7.7999999999999998,0.13123959715174827
7.8099999999999996,0.12848990254360784
7.8200000000000003,0.12582183729365468
7.8300000000000001,0.12318403910909713
7.8399999999999999,0.12062360767297739
7.8499999999999996,0.11809306793511773
7.8600000000000003,0.11563584785250414
7.8700000000000001,0.11320812418292087
7.8799999999999999,0.11084987787194509
7.8899999999999997,0.10852071510643289
7.9000000000000004,0.10625738200856136
7.9100000000000001,0.10402270417778073
7.9199999999999999,0.10185039324154427
7.9299999999999997,0.099706295900458763
7.9400000000000004,0.097621278389205104
7.9500000000000002,0.095564021279920905
7.96,0.093562723889426269
7.9699999999999998,0.091588723922731416
7.9800000000000004,0.089667722195125532
7.9900000000000002,0.087773546736688385
8,0.085929558757756236
8.0099999999999998,0.084111919205564184
8.0199999999999996,0.082341799573057012
8.0299999999999994,0.080597545213289698
8.0399999999999991,0.078898279264416546
8.0500000000000007,0.077224391393483374
8.0600000000000005,0.075593089680294032
8.0700000000000003,0.073986675981370389
8.0800000000000001,0.072420568983224409
8.0899999999999999,0.070878858146075446
8.0999999999999996,0.069375291208876533
8.1099999999999994,0.067895627782312978
8.1199999999999992,0.066452056274642804
8.1300000000000008,0.06503189574138972
8.1400000000000006,0.063645880418104969
8.1500000000000004,0.062282784482333008
8.1600000000000001,0.060951987046615398
8.1699999999999999,0.059643619124824396
8.1799999999999997,0.058365797980061071
8.1899999999999995,0.057109918886402128
8.1999999999999993,0.055882925069657148
8.2100000000000009,0.054677388887190911
8.2200000000000006,0.053499162176393153
8.2300000000000004,0.052341912306152177
8.2400000000000002,0.051210477493465932
8.25,0.050099542873543741
8.2599999999999998,0.049013006197724314
8.2699999999999996,0.047946497684974318
8.2799999999999994,0.046903043415825151
8.2899999999999991,0.045879150323064569
8.3000000000000007,0.044877037491415056
8.3100000000000005,0.043894024273355592
8.3200000000000003,0.042931583540266209
8.3300000000000001,0.041987786621680963
8.3399999999999999,0.041063417280857939
8.3499999999999996,0.040157242020796374
8.3599999999999994,0.039269409128466423
8.3699999999999992,0.038399326914586425
8.3800000000000008,0.037546558541328406
8.3900000000000006,0.036711104008692666
8.4000000000000004,0.035891988607964512
8.4100000000000001,0.035089756976874192
8.4199999999999999,0.034302940865206424
8.4299999999999997,0.03353258539292206
8.4399999999999995,0.032776770336970289
8.4499999999999993,0.032036999878351048
8.4600000000000009,0.031310940784201213
8.4700000000000006,0.030600517456551846
8.4800000000000004,0.029903020156884456
8.4900000000000002,0.029220757104481531
8.5,0.028550676239383579
8.5099999999999998,0.02789543549336624
8.5199999999999996,0.027251672480770692
8.5299999999999994,0.026622362910261856
8.5399999999999991,0.026003864002162636
8.5500000000000007,0.025399439352672061
8.5600000000000005,0.024805193773435635
8.5700000000000003,0.02422465078877194
8.5800000000000001,0.023653688952024503
8.5899999999999999,0.023096065576101655
8.5999999999999996,0.022547457376824093
8.6099999999999994,0.02201183103191574
8.6199999999999992,0.021484684210525809
8.6300000000000008,0.020970170148663234
8.6400000000000006,0.020463628724003056
8.6500000000000004,0.019969378448363082
8.6600000000000001,0.019482621216644944
8.6699999999999999,0.019007820969908454
8.6799999999999997,0.018540060066799566
8.6899999999999995,0.018083929383597153
8.6999999999999993,0.017634408906746196
8.7100000000000009,0.017196199227429876
8.7200000000000006,0.016764193916854783
8.7300000000000004,0.016343187259957176
8.7400000000000002,0.015928001233825675
8.75,0.015523508924683061
8.7599999999999998,0.015124474468124656
8.7699999999999996,0.014735835921250459
8.7799999999999994,0.014352312325939634
8.7899999999999991,0.013978893878839374
8.8000000000000007,0.013610266331188831
8.8100000000000005,0.013251460127410407
8.8200000000000003,0.012897138643306371
8.8300000000000001,0.012552361562611931
8.8399999999999999,0.01221177996671065
8.8499999999999996,0.011880472600352141
8.8599999999999994,0.011553087548045946
8.8699999999999992,0.011234713217211282
8.8800000000000008,0.010920003257450756
8.8900000000000006,0.010614047073034196
8.9000000000000004,0.01031151175027376
8.9100000000000001,0.010017479712201401
8.9199999999999999,0.0097266387058074569
8.9299999999999997,0.0094440568402282318
8.9399999999999995,0.0091644491397637542
8.9499999999999993,0.0088928626724875288
8.9600000000000009,0.0086240457873522653
8.9700000000000006,0.0083630183519886325
8.9800000000000004,0.0081045675539618799
8.9900000000000002,0.0078536804332788729
9,0.0076051880305719015
9.0099999999999998,0.0073640394296580966
9.0199999999999996,0.0071251140711451662
9.0299999999999994,0.0068933184210212403
9.0399999999999991,0.0066635844293742429
9.0500000000000007,0.006440771719756897
9.0600000000000005,0.006219868452263258
9.0700000000000003,0.0060056835922417794
9.0800000000000001,0.0057932648281379083
9.0899999999999999,0.0055873670335759764
9.0999999999999996,0.0053831003867784192
9.1099999999999994,0.0051851625933066305
9.1199999999999992,0.0049887289494709944
9.1300000000000008,0.0047984372499829536
9.1400000000000006,0.0046095302268663874
9.1500000000000004,0.0044265833324790629
9.1600000000000001,0.0042409953933836972
9.1699999999999999,0.0040434027056154235
9.1799999999999997,0.0038481787327567293
9.1899999999999995,0.0036643471506536225
9.1999999999999993,0.0034826583581064382
9.2100000000000009,0.0033118977922944348
9.2200000000000006,0.0031430630800306672
9.2300000000000004,0.0029846685212124259
9.2400000000000002,0.0028286304880703081
9.25,0.0026862079366124503
9.2599999999999998,0.0025452729774611497
9.2699999999999996,0.0024135260884385946
9.2799999999999994,0.0022851814472892302
9.2899999999999991,0.0021793766982997681
9.3000000000000007,0.0020727369146415794
9.3100000000000005,0.0019601405503466376
9.3200000000000003,0.001848542048438471
9.3300000000000001,0.0017446413420854198
9.3399999999999999,0.0016416037515231002
9.3499999999999996,0.001545803054898444
9.3599999999999994,0.0014510333035362419
9.3699999999999992,0.001365713883746541
9.3800000000000008,0.0012810034341699794
9.3900000000000006,0.0012024380476534351
9.4000000000000004,0.0011243846748029156
9.4100000000000001,0.0010520658550118636
9.4199999999999999,0.0009801730420093992
9.4299999999999997,0.00091362898090809389
9.4399999999999995,0.00084756830156933454
9.4499999999999993,0.00078839581234686025
9.4600000000000009,0.00072949670742601246
9.4700000000000006,0.00067508891603205816
9.4800000000000004,0.00062119628680068462
9.4900000000000002,0.00057726345937917181
9.5,0.00053324194227392409
9.5099999999999998,0.00048714508656928437
9.5199999999999996,0.00044116858102634024
9.5299999999999994,0.00039874240525341828
9.5399999999999991,0.00035639934703224162
9.5500000000000007,0.00031735328503028858
9.5600000000000005,0.00027837836078485568
9.5700000000000003,0.00024367170193017196
9.5800000000000001,0.0002089875280010739
9.5899999999999999,0.0001770240300678397
9.5999999999999996,0.0001450605321346055
9.6099999999999994,0
9.6199999999999992,0
9.6300000000000008,0
9.6400000000000006,0
9.6500000000000004,0
9.6600000000000001,0
9.6699999999999999,0
9.6799999999999997,0
9.6899999999999995,0
9.6999999999999993,0
9.7100000000000009,0
9.7200000000000006,0
9.7300000000000004,0
9.7400000000000002,0
9.75,0
9.7599999999999998,0
9.7699999999999996,0
9.7799999999999994,0
9.7899999999999991,0
9.8000000000000007,0
