Mw,ecp_raw,ecp_edge_corrected,is_edge_touching
7.2000000000000002,0.01180351767336091,0.021951046996682634,1
7.2000000000000002,0.012599919904730326,0.023432119274695767,1
7.2000000000000002,0.0054122762205735886,0.010065230803607578,1
7.2000000000000002,0.0098414425956543754,0.01830216846456854,1
7.2000000000000002,0.0092500648194449621,0.017202380950574827,1
7.2000000000000002,0.0088956242268012041,0.0081241886911508267,0
7.2000000000000002,0.0086120291121655115,0.0078651871681045468,0
7.2000000000000002,0.0056088806833908223,0.0051224741351741871,0
7.2000000000000002,0.0055519417209813054,0.0050704729644076019,0
7.2000000000000002,0.0056111758829645014,0.0051245702932340379,0
7.2000000000000002,0.0071588564625786966,0.0065380347946383194,0
7.2000000000000002,0.0058878904497817117,0.005377287954985076,0
7.2000000000000002,0.0043637160234218306,0.0039852911347206758,0
7.2000000000000002,0.0060162719124874546,0.0054945360761821252,0
7.2000000000000002,0.0054600428864870695,0.004986543669184159,0
7.2000000000000002,0.013943672161968084,0.012734465935518802,0
7.2000000000000002,0.0094033657729995831,0.008587898490764927,0
7.2000000000000002,0.0080274239403731896,0.0073312794170156351,0
7.2000000000000002,0.0043216450073020529,0.0039468685502374243,0
7.2000000000000002,0.0040745842426419101,0.0037212330895766972,0
7.2000000000000002,0.013070460413203503,0.011936979797005932,0
7.2000000000000002,0.0062893722753179851,0.0057439529605613363,0
7.2000000000000002,0.011721028696342554,0.010704571860913942,0
7.2000000000000002,0.0076114817594959035,0.0069514080694968337,0
7.2000000000000002,0.0048692282547042002,0.0044469649473632133,0
7.2000000000000002,0.015027500616427629,0.01372430393320972,0
7.2000000000000002,0.014817864901342908,0.013532847992363954,0
7.2000000000000002,0.0063867005799624179,0.0058328408780094314,0
7.2000000000000002,0.0094966709119833331,0.0086731121346454981,0
7.2000000000000002,0.0037018712762435101,0.0033808420850268122,0
7.2000000000000002,0.02267462976954485,0.020708268026291134,0
7.2000000000000002,0.017347026103376396,0.015842678343982411,0
7.2000000000000002,0.01275297415084453,0.011647026193246295,0
7.2000000000000002,0.010258041437540255,0.0093684560088695308,0
7.2000000000000002,0.0057027616631536047,0.0052082136824681286,0
7.2000000000000002,0.028678450786300855,0.026191432958221083,0
7.2000000000000002,0.021914561252160292,0.020014113249065806,0
7.2000000000000002,0.016359606457176191,0.014940888506804846,0
7.2000000000000002,0.010576966079416043,0.0096597232547419795,0
7.2000000000000002,0.0091448474416078729,0.0083517990725790765,0
7.2000000000000002,0.028102359438224648,0.025665300705353476,0
7.2000000000000002,0.020535628095100886,0.018754762260893128,0
7.2000000000000002,0.014077204360124039,0.012856418116333123,0
7.2000000000000002,0.0093665049336987671,0.0085542342524654053,0
7.2000000000000002,0.0075670227161582504,0.0069108045493959146,0
7.2000000000000002,0.022804078145773773,0.020826490537430756,0
7.2000000000000002,0.017715577738497967,0.016179268891179627,0
7.2000000000000002,0.013261641388079339,0.012111581407241435,0
7.2000000000000002,0.0091713055975728049,0.0083759627564306688,0
7.2000000000000002,0.006595347734555411,0.0060233939871075139,0
7.2000000000000002,0.022847463767465326,0.020866113723855727,0
7.2000000000000002,0.017991343060741467,0.016431119627593638,0
7.2000000000000002,0.013210162965982208,0.012064567234432768,0
7.2000000000000002,0.009580206611391702,0.0087494035524412449,0
7.2000000000000002,0.006990486640075593,0.0063842661356846723,0
7.2000000000000002,0.023590324075999543,0.021544552601648649,0
7.2000000000000002,0.018366160736255872,0.016773432819228141,0
7.2000000000000002,0.013296906855712881,0.012143788625760555,0
7.2000000000000002,0.010053412938732652,0.0091815730545636125,0
7.2000000000000002,0.0071627410606097987,0.0065415825172701796,0
7.2000000000000002,0.020776644066041749,0.018974877137104416,0
7.2000000000000002,0.016400077960900667,0.014977850289866866,0
7.2000000000000002,0.018170321277827323,0.016594576712800815,0
7.2000000000000002,0.010133176164653222,0.0092544191507421426,0
7.2000000000000002,0.0068740401801888089,0.006277918004466798,0
7.2000000000000002,0.017768594114845909,0.016227687645635785,0
7.2000000000000002,0.014987356119239003,0.013687640798419339,0
7.2000000000000002,0.011231553502629528,0.010257544341318255,0
7.2000000000000002,0.009643704520862913,0.0088073948732170799,0
7.2000000000000002,0.0061462088258900684,0.0056132047581671507,0
7.2000000000000002,0.013935142984091018,0.012726676414661469,0
7.2000000000000002,0.014488197564265436,0.013231769666274441,0
7.2000000000000002,0.0090677914376060091,0.0082814254259033181,0
7.2000000000000002,0.0079284695008590093,0.0072409063843938007,0
7.2000000000000002,0.0071893416306621138,0.0065658762649473887,0
7.2000000000000002,0.011643143476091189,0.010633440908274606,0
7.2000000000000002,0.0055678581937421137,0.0050850091481210264,0
7.2000000000000002,0.0068259984054002609,0.0062340424502067577,0
7.2000000000000002,0.0054263594395077986,0.0049557812772427932,0
7.2000000000000002,0.0067028842538009881,0.0061216048547505595,0
7.2000000000000002,0.011254056577375439,0.010278095931707613,0
7.2000000000000002,0.0045468463958531187,0.004152540297093118,0
7.2000000000000002,0.0057136753904757963,0.0052181809627655723,0
7.2000000000000002,0.0044485870164531942,0.0082730543020563159,1
7.2000000000000002,0.010869583101777616,0.0099269642985740404,0
7.2000000000000002,0.0072324957497390116,0.0066052880248466915,0
7.2000000000000002,0.0042215409177457494,0.003855445566130134,0
7.2000000000000002,0.0089158364311552329,0.01658081513756882,1
7.2000000000000002,0.016729897726326513,0.031112654837557457,1
7.2000000000000002,0.0075225421821792518,0.013989700489729189,1
7.2000000000000002,0.0051058095048071989,0.0094952934792547194,1
7.2999999999999998,0.015963623558398463,0.02969186139082642,1
7.2999999999999998,0.0084339954436835635,0.01568697875946639,1
7.2999999999999998,0.0071687128667947729,0.013333591086813285,1
7.2999999999999998,0.010685834089213525,0.019875331152830505,1
7.2999999999999998,0.0062369013234254119,0.011600449542421294,1
7.2999999999999998,0.012730937765706959,0.011628565123409108,0
7.2999999999999998,0.0067013766558759215,0.0061211040611052221,0
7.2999999999999998,0.0043926605207104796,0.0040122997904917836,0
7.2999999999999998,0.0084139607633093739,0.0076853954109733884,0
7.2999999999999998,0.0059996620222789307,0.0054801509384835717,0
7.2999999999999998,0.010257958554717577,0.0093697213262703364,0
7.2999999999999998,0.010100145135869498,0.009225572980547837,0
7.2999999999999998,0.006290498706061306,0.0057458040568854028,0
7.2999999999999998,0.0060406586250001957,0.0055175976429884767,0
7.2999999999999998,0.0047747975347952071,0.0043613475382797964,0
7.2999999999999998,0.012046952366523773,0.011003806059761216,0
7.2999999999999998,0.01132977831858992,0.010348732154390144,0
7.2999999999999998,0.0051583761763214142,0.0047117120829052016,0
7.2999999999999998,0.0076079038743934908,0.0069491350349954696,0
7.2999999999999998,0.0052906910131476212,0.0048325697703075678,0
7.2999999999999998,0.014105927483618752,0.012884494401598249,0
7.2999999999999998,0.013753830244803051,0.012562885283189872,0
7.2999999999999998,0.0098071161729294722,0.0089579174125682462,0
7.2999999999999998,0.005349634212986302,0.0048864090750406841,0
7.2999999999999998,0.0040568011368312977,0.0037055224902156451,0
7.2999999999999998,0.0075442069882515972,0.0068909536659328852,0
7.2999999999999998,0.0074389642558041012,0.006794823907815003,0
7.2999999999999998,0.012814922715339669,0.011705277811363716,0
7.2999999999999998,0.0079459710664271793,0.0072579289691894833,0
7.2999999999999998,0.0053540280986790088,0.0048904224939154564,0
7.2999999999999998,0.022766540455359266,0.020795184391915213,0
7.2999999999999998,0.017417341565291608,0.015909172945156303,0
7.2999999999999998,0.0064023339053879734,0.0058479554397915913,0
7.2999999999999998,0.010299621989603044,0.0094077771219035211,0
7.2999999999999998,0.0062623946950463548,0.0057201335738203849,0
7.2999999999999998,0.028794697715430619,0.026301363163891835,0
7.2999999999999998,0.022003391031278158,0.020098116120894051,0
7.2999999999999998,0.022920138890257562,0.020935482729393523,0
7.2999999999999998,0.010619839379490854,0.0097002668693586432,0
7.2999999999999998,0.0068864367804504674,0.0062901398187190909,0
7.2999999999999998,0.02821627120460064,0.025773022638309259,0
7.2999999999999998,0.020618868424977656,0.018833479407676764,0
7.2999999999999998,0.013724831321508112,0.012536397378351292,0
7.2999999999999998,0.009404471678950619,0.0085901379287640391,0
7.2999999999999998,0.0065123102860510018,0.0059484089592504409,0
7.2999999999999998,0.022896513545294993,0.020913903104426677,0
7.2999999999999998,0.017787387109415721,0.016247176224071527,0
7.2999999999999998,0.013289553365995164,0.01213881016634707,0
7.2999999999999998,0.0092084811102869611,0.0084111181948510784,0
7.2999999999999998,0.0066220817072653749,0.0060486752667112276,0
7.2999999999999998,0.022940075028832347,0.020953692596568485,0
7.2999999999999998,0.018064270235131595,0.016500084023812176,0
7.2999999999999998,0.013307257573378401,0.012154981365382296,0
7.2999999999999998,0.0096190395876672181,0.0087861263897732293,0
7.2999999999999998,0.0070188222922029243,0.0064110620613017297,0
7.2999999999999998,0.023685946491291264,0.021634979005670199,0
7.2999999999999998,0.018440607218787389,0.016843833966143765,0
7.2999999999999998,0.01287013205495649,0.011755706571048959,0
7.2999999999999998,0.010094164037531871,0.0092201097858634722,0
7.2999999999999998,0.007191774938996468,0.0065690387283405243,0
7.2999999999999998,0.020860861344314436,0.019054518146039912,0
7.2999999999999998,0.016466555007190565,0.015040715050473791,0
7.2999999999999998,0.012162649288741025,0.011109484778748076,0
7.2999999999999998,0.010174250580431445,0.0092932616303509231,0
7.2999999999999998,0.0069019038213462757,0.0063042675676432776,0
7.2999999999999998,0.017840618385480178,0.016295798200842565,0
7.2999999999999998,0.020790393163414952,0.018990151809027009,0
7.2999999999999998,0.011277080146093164,0.010300597119717847,0
7.2999999999999998,0.0096827948833214262,0.0088443611106650537,0
7.2999999999999998,0.0085511867419253047,0.0078107389841119918,0
7.2999999999999998,0.016784374786242753,0.015331014796355126,0
7.2999999999999998,0.0090918280509015015,0.0083045661306690739,0
7.2999999999999998,0.010117338873650154,0.0092412779115730887,0
7.2999999999999998,0.0071884865464079207,0.0065660350778576609,0
7.2999999999999998,0.0082004393290958898,0.0074903628101791664,0
7.2999999999999998,0.007306461551690179,0.0066737946205643016,0
7.2999999999999998,0.0070522979825218667,0.0064416390896470787,0
7.2999999999999998,0.008106956633207478,0.0074049747863700749,0
7.2999999999999998,0.0059661822193397638,0.011096920122239564,1
7.2999999999999998,0.011299674436133606,0.010321234968868302,0
7.2999999999999998,0.0068577411130744679,0.0062639289108517744,0
7.2999999999999998,0.004623718196694839,0.0042233501688610231,0
7.2999999999999998,0.0065635213213644924,0.005995185628034751,0
7.2999999999999998,0.013526618955970926,0.01235534823308543,0
7.2999999999999998,0.0059002225554264827,0.0053893219408550084,0
7.2999999999999998,0.0077492401671886927,0.014413354467215636,1
7.2999999999999998,0.0083817868297787704,0.015589872302289084,1
7.2999999999999998,0.013339359278126593,0.024810808478391899,1
7.2999999999999998,0.007553034499719123,0.014048417805981466,1
7.4000000000000004,0.015929883386223292,0.029448038874009253,1
7.4000000000000004,0.0084161696375717188,0.01555816101402278,1
7.4000000000000004,0.0090747539410672724,0.01677562229110419,1
7.4000000000000004,0.01011637614171924,0.01870116878213236,1
7.4000000000000004,0.0074368595119104954,0.013747804845620231,1
7.4000000000000004,0.01203539692580473,0.010926070206884488,0
7.4000000000000004,0.0061479214947559469,0.0055812552167760158,0
7.4000000000000004,0.0080179355152600242,0.0072789062873508835,0
7.4000000000000004,0.0053340420505661084,0.0048423926763896544,0
7.4000000000000004,0.0055824555742942849,0.0050679094264666066,0
7.4000000000000004,0.015109093320264293,0.013716457828293773,0
7.4000000000000004,0.008444398167144266,0.0076660610196647777,0
7.4000000000000004,0.0067051944573773758,0.006087163210632492,0
7.4000000000000004,0.0066887839633208617,0.0060722653047888793,0
7.4000000000000004,0.0055194271182357132,0.0050106904298541253,0
7.4000000000000004,0.012021490337458401,0.010913445416730333,0
7.4000000000000004,0.0094215267368472251,0.0085531256856282815,0
7.4000000000000004,0.0098086684634562712,0.008904583781362177,0
7.4000000000000004,0.0057973929241543444,0.0052630355688888415,0
7.4000000000000004,0.0044973593383044038,0.0040828286909711459,0
7.4000000000000004,0.014076113674727138,0.012778689992384452,0
7.4000000000000004,0.013724760616668177,0.012459721851705609,0
7.4000000000000004,0.0078291105484115629,0.0071074856971271045,0
7.4000000000000004,0.0075923823594381858,0.0068925772210197585,0
7.4000000000000004,0.0053959068057305931,0.004898555232757831,0
7.4000000000000004,0.018887472743402113,0.017146576427617927,0
7.4000000000000004,0.016113505945864751,0.014628291723897345,0
7.4000000000000004,0.010656531275205928,0.0096742973740332229,0
7.4000000000000004,0.0093365526856048417,0.0084759838634381832,0
7.4000000000000004,0.0058933725612094765,0.0053501685699323901,0
7.4000000000000004,0.011359210934625436,0.010312209637259546,0
7.4000000000000004,0.0086902644320733004,0.0078892652969046375,0
7.4000000000000004,0.014584403244456215,0.013240129491100084,0
7.4000000000000004,0.010074842320872204,0.0091462238594827664,0
7.4000000000000004,0.0063136760947526595,0.0057317318822190256,0
7.4000000000000004,0.028733838221024696,0.026085382613601254,0
7.4000000000000004,0.021956885411854279,0.01993307516265376,0
7.4000000000000004,0.01524779710914515,0.013842377010238141,0
7.4000000000000004,0.010098385288338348,0.0091675968243296446,0
7.4000000000000004,0.0068101114436628666,0.0061824097874688729,0
7.4000000000000004,0.028156634252808219,0.025561380694985352,0
7.4000000000000004,0.028743811033547,0.026094436211953724,0
7.4000000000000004,0.013695822984511889,0.012433451459253267,0
7.4000000000000004,0.0093489525335124172,0.0084872407924475105,0
7.4000000000000004,0.0066407468285022853,0.0060286558492137158,0
7.4000000000000004,0.022848120252481285,0.020742163097147538,0
7.4000000000000004,0.017887941250061993,0.01623917376050597,0
7.4000000000000004,0.013261465017691317,0.012039129139045798,0
7.4000000000000004,0.0094325955980722048,0.0085631743076720699,0
7.4000000000000004,0.0067860174617180493,0.0061605365962550422,0
7.4000000000000004,0.02289158966594762,0.020781625847426006,0
7.4000000000000004,0.018213860992837189,0.016535052825677177,0
7.4000000000000004,0.013279131806063566,0.012055167544033631,0
7.4000000000000004,0.009807775632348208,0.0089037732442914241,0
7.4000000000000004,0.0070386310483069045,0.006389866280959079,0
7.4000000000000004,0.023635884679834452,0.021457317694275325,0
7.4000000000000004,0.017416691817167682,0.015811360334783538,0
7.4000000000000004,0.0128429301812802,0.011659171499522496,0
7.4000000000000004,0.010075081099817097,0.0091464406296924965,0
7.4000000000000004,0.0075100181067522366,0.006817804647008944,0
7.4000000000000004,0.020816770536804179,0.018898046966616275,0
7.4000000000000004,0.015724026722228345,0.014274711582934134,0
7.4000000000000004,0.012136942726593207,0.011018256327165269,0
7.4000000000000004,0.0098501893287670471,0.0089422775850840509,0
7.4000000000000004,0.0075232648225167951,0.0068298303863631562,0
7.4000000000000004,0.023823725510599372,0.021627844858215936,0
7.4000000000000004,0.011525806275031525,0.010463449550378992,0
7.4000000000000004,0.01253384216792215,0.011378572749445903,0
7.4000000000000004,0.0079344064882855819,0.0072030762986382791,0
7.4000000000000004,0.0083445358352687796,0.0075754031995844641,0
7.4000000000000004,0.011086537399353891,0.010064668969651934,0
7.4000000000000004,0.0084879796731096215,0.0077056255306513872,0
7.4000000000000004,0.0084913556804433205,0.0077086903646052954,0
7.4000000000000004,0.0070839163761468264,0.006430977569134369,0
7.4000000000000004,0.017492834281806195,0.015880484595453485,0
7.4000000000000004,0.0074660195834310317,0.0067778615559941392,0
7.4000000000000004,0.0056733816940433297,0.0051504547030488514,0
7.4000000000000004,0.0079181859158393084,0.0071883508089484573,0
7.4000000000000004,0.011394990114383441,0.010344690978123555,0
7.4000000000000004,0.005369316739255601,0.0048744160261406742,0
7.4000000000000004,0.0066416250041451521,0.0060294530816429482,0
7.4000000000000004,0.014170471003390677,0.02619558290877123,1
7.4000000000000004,0.010685940063499088,0.0097009954952145469,0
7.4000000000000004,0.01080964380486947,0.019982745840769051,1
7.4000000000000004,0.0082161654888402401,0.015188432635979451,1
7.4000000000000004,0.013804171797359674,0.025518440898551091,1
7.5,0.015871163705797421,0.028904881951588812,1
7.5,0.011316400605829975,0.020609655957925806,1
7.5,0.0087240644762679766,0.015888441358113101,1
7.5,0.0098029464887124714,0.017853322937528063,1
7.5,0.0084237892194217474,0.015341574032376119,1
7.5,0.011591331748496352,0.010367058573241343,0
7.5,0.0091152197959424829,0.0081524728635916383,0
7.5,0.0069035385591510378,0.0061743887724232437,0
7.5,0.0066046348425312859,0.0059070551816683709,0
7.5,0.0064919381725235112,0.005806261502017936,0
7.5,0.013310374013366721,0.01190453608112998,0
7.5,0.0059707084418559077,0.0053400839078302084,0
7.5,0.0084196174741427605,0.0075303398619444503,0
7.5,0.0054300303942763839,0.0048565121224527575,0
7.5,0.0065245701770300238,0.0058354469234536714,0
7.5,0.0178183566736544,0.015936386890026133,0
7.5,0.0099180444230251973,0.0088705033810157295,0
7.5,0.0079956919634815507,0.0071511892436139793,0
7.5,0.0068907962850034178,0.0061629923336609929,0
7.5,0.0054488970365769449,0.0048733860753387747,0
7.5,0.01402422723735792,0.012542992329849971,0
7.5,0.01139514109471379,0.010191589520727153,0
7.5,0.011040106776667327,0.009874053826765504,0
7.5,0.0059002287417454823,0.0052770482536773494,0
7.5,0.0057908132446959776,0.005179189190426944,0
7.5,0.018817850993094506,0.016830314902620696,0
7.5,0.016054109408128649,0.014358478920843992,0
7.5,0.0084937999006829742,0.0075966871616106281,0
7.5,0.0079490988087457439,0.0071095172446807358,0
7.5,0.005819555676979316,0.0052048958551557363,0
7.5,0.011317339364080976,0.010122005186841225,0
7.5,0.019596205653241786,0.017526459964084314,0
7.5,0.012108869319800548,0.010829933972891576,0
7.5,0.0092012296793940462,0.0082293984075211112,0
7.5,0.0060185533206081106,0.00538287542404387,0
7.5,0.028627921450836258,0.025604248497975362,0
7.5,0.021187697607205225,0.018949858988766843,0
7.5,0.015191591689950315,0.013587060079693736,0
7.5,0.012320922915505536,0.011019590527896589,0
7.5,0.0066083907960919177,0.0059104144324780535,0
7.5,0.028052845133634697,0.025089911578467738,0
7.5,0.019091905001491976,0.017075423404295381,0
7.5,0.017990028587883723,0.016089926865312125,0
7.5,0.011032775146932482,0.0098674965616860778,0
7.5,0.0067515808250515974,0.0060384807711471788,0
7.5,0.034178330423257727,0.030568424847254812,0
7.5,0.017822003906503736,0.015939648903175247,0
7.5,0.015438360639929524,0.013807765363089976,0
7.5,0.010395041576029686,0.0092971202298612818,0
7.5,0.0071736517204406165,0.0064159726581450634,0
7.5,0.02317798392666922,0.020729931831050971,0
7.5,0.018146722265522615,0.01623007060111278,0
7.5,0.012926022156710317,0.011560779358680214,0
7.5,0.0098393246177799661,0.0088000979392978424,0
7.5,0.0075300420966183364,0.0067347211837623404,0
7.5,0.02214439839248275,0.019805513308152937,0
7.5,0.017352491562038105,0.015519726319511252,0
7.5,0.012485962447475343,0.011167198631258249,0
7.5,0.0075284572526754575,0.0067333037305876949,0
7.5,0.0072028590380021715,0.0064420951071006965,0
7.5,0.019238662143377227,0.017206680098433503,0
7.5,0.015666065856994666,0.014011420419641455,0
7.5,0.010615375473017859,0.0094941825230738987,0
7.5,0.0080490278415913663,0.0071988918013887971,0
7.5,0.0082935301206269983,0.0074175698189843332,0
7.5,0.015823938714985931,0.014152618791099742,0
7.5,0.015272897966743377,0.013659778810567364,0
7.5,0.0088518892050333062,0.0079169551750882597,0
7.5,0.0070625509374858458,0.0063166063084092372,0
7.5,0.014009658429497824,0.012529962275348467,0
7.5,0.011939290479172708,0.010678266001366283,0
7.5,0.0071500897951638272,0.0063948993367405147,0
7.5,0.0076209128320997984,0.0068159941779074732,0
7.5,0.011428428429750566,0.010221361056868212,0
7.5,0.0068081175794751959,0.0060890461295863797,0
7.5,0.0066857464498077572,0.0059795998039645967,0
7.5,0.0094244194060070004,0.0084290148984426435,0
7.5,0.014984869298265063,0.027290744784399343,1
7.5,0.010439527960457684,0.009336907974969744,0
7.5,0.0095048584758336673,0.008500958016503973,0
7.5,0.011088479446102698,0.020194561366356584,1
7.5,0.022720905575053209,0.041379769351141731,1
7.5,0.011024202689712458,0.020077499247275025,1
7.5999999999999996,0.020691256981878507,0.037225626647296034,1
7.5999999999999996,0.011059977098937768,0.019897997428251126,1
7.5999999999999996,0.011506181369042917,0.020700763233243585,1
7.5999999999999996,0.012610907573342496,0.022688275411201511,1
7.5999999999999996,0.0095185898299378919,0.017124888619784943,1
7.5999999999999996,0.015340588688119107,0.013553671526513194,0
7.5999999999999996,0.008405235282094619,0.007426168606215186,0
7.5999999999999996,0.0065893835102025771,0.005821832621630536,0
7.5999999999999996,0.0077176017063074085,0.0068186326239722322,0
7.5999999999999996,0.0083666503276279766,0.0073920781414137044,0
7.5999999999999996,0.009460922290418769,0.0083588860681411709,0
7.5999999999999996,0.0096466418715362226,0.0085229724829250491,0
7.5999999999999996,0.0073959013742324956,0.0065344048984553853,0
7.5999999999999996,0.0064775240858311964,0.0057230029139903908,0
7.5999999999999996,0.0069348220735859101,0.0061270334790340317,0
7.5999999999999996,0.013876615955509444,0.012260226669541663,0
7.5999999999999996,0.0073712420008342867,0.0065126179218351326,0
7.5999999999999996,0.010302628144492385,0.0091025475338118063,0
7.5999999999999996,0.0078880169231738788,0.0069691973721371136,0
7.5999999999999996,0.0066743548744853691,0.0058969062699801983,0
7.5999999999999996,0.021131603919922661,0.018670132169101707,0
7.5999999999999996,0.012840072896478812,0.011344423213050523,0
7.5999999999999996,0.0093881429571879855,0.0082945842869916221,0
7.5999999999999996,0.0070631002994453219,0.0062403694775833496,0
7.5999999999999996,0.0056435158791770757,0.0049861424509912858,0
7.5999999999999996,0.018725838660535198,0.016544597565538048,0
7.5999999999999996,0.010650407166596466,0.0094098162263790818,0
7.5999999999999996,0.012713474773094039,0.011232571613668347,0
7.5999999999999996,0.0081422846690455894,0.0071938472586177494,0
7.5999999999999996,0.005737908069785122,0.0050695395599405866,0
7.5999999999999996,0.025505972510455784,0.022534961362905729,0
7.5999999999999996,0.016250322878523394,0.014357437186609898,0
7.5999999999999996,0.013109212640398776,0.011582212763242051,0
7.5999999999999996,0.0084474787142172231,0.0074634913983702058,0
7.5999999999999996,0.0057837113060227397,0.0051100074996942128,0
7.5999999999999996,0.028201809298143362,0.024916779104861491,0
7.5999999999999996,0.021084097601066602,0.018628159526832284,0
7.5999999999999996,0.014469388640833953,0.012783951438526564,0
7.5999999999999996,0.011285876785960797,0.0099712644641910386,0
7.5999999999999996,0.0063708582928090297,0.0056287618681524852,0
7.5999999999999996,0.025284134536207356,0.022338963732293361,0
7.5999999999999996,0.018998552646176128,0.016785545019199072,0
7.5999999999999996,0.013426548000569341,0.011862583961697468,0
7.5999999999999996,0.010989422374913889,0.0097093419401207866,0
7.5999999999999996,0.0071260689120041113,0.0062960033198336844,0
7.5999999999999996,0.022674140684369327,0.020032989687019036,0
7.5999999999999996,0.017734860897935953,0.015669051824926967,0
7.5999999999999996,0.013168176656116826,0.011634308475940843,0
7.5999999999999996,0.008593654430867341,0.0075926401350261052,0
7.5999999999999996,0.0078686622700077143,0.0069520972062401577,0
7.5999999999999996,0.023064652156431609,0.02037801322733248,0
7.5999999999999996,0.01805799150425931,0.015954543222115768,0
7.5999999999999996,0.012862818688376515,0.011364519507805537,0
7.5999999999999996,0.0088120925630622588,0.0077856339472471402,0
7.5999999999999996,0.0095049986786979145,0.0083978283082960913,0
7.5999999999999996,0.022036120473289816,0.019469287957961819,0
7.5999999999999996,0.021965815365527108,0.019407172197176848,0
7.5999999999999996,0.014333980000186168,0.012664315597001582,0
7.5999999999999996,0.0090783254657451819,0.0080208552536699586,0
7.5999999999999996,0.011954815185742174,0.010562282939846407,0
7.5999999999999996,0.019144592199908009,0.016914573453596343,0
7.5999999999999996,0.015786457773534514,0.013947604461578949,0
7.5999999999999996,0.010870993484314591,0.0096047079971173215,0
7.5999999999999996,0.0078257213686564655,0.0069141581881359843,0
7.5999999999999996,0.01768502871175474,0.015625024239240424,0
7.5999999999999996,0.010821048673739829,0.0095605809058598324,0
7.5999999999999996,0.0094509485687078124,0.008350074115046317,0
7.5999999999999996,0.010945073085021979,0.019691273693388085,1
7.5999999999999996,0.014029620152312666,0.012395408484777664,0
7.5999999999999996,0.0080856205059541657,0.0071437835049066086,0
7.5999999999999996,0.0080123107503051599,0.0070790130865115743,0
7.5999999999999996,0.010103343115118044,0.0089264758143227617,0
7.5999999999999996,0.014284720681836959,0.012620794149806913,0
7.5999999999999996,0.0084379004488403173,0.0074550288376854989,0
7.5999999999999996,0.010714800423991531,0.0094667087666197858,0
7.5999999999999996,0.015322818231791595,0.027567272069580633,1
7.5999999999999996,0.014995037090169815,0.01324837080114444,0
7.5999999999999996,0.017480166323121635,0.031448555583020316,1
7.5999999999999996,0.018087846999142797,0.032541833482287244,1
7.7000000000000002,0.020511410046107136,0.036824919512887501,1
7.7000000000000002,0.014231420703353943,0.025550214284488618,1
7.7000000000000002,0.015086402277223774,0.027085195427763741,1
7.7000000000000002,0.01499265563424137,0.026916888491542862,1
7.7000000000000002,0.015000348028920446,0.013225357266229408,0
7.7000000000000002,0.0080284002667436079,0.007078399887740284,0
7.7000000000000002,0.0096911563571414443,0.0085444020964698976,0
7.7000000000000002,0.011830732014404441,0.010430801826054516,0
7.7000000000000002,0.0092316820937307868,0.0081392974097967783,0
7.7000000000000002,0.015443932613769069,0.013616452499560292,0
7.7000000000000002,0.0083510700553115613,0.0073628881692523107,0
7.7000000000000002,0.0084077975822038267,0.0074129031294741278,0
7.7000000000000002,0.0088642220507780863,0.0078153189034485329,0
7.7000000000000002,0.0085526455070089359,0.0075406112033885543,0
7.7000000000000002,0.011190397960563555,0.009866238482893995,0
7.7000000000000002,0.011706071736172732,0.010320892595059125,0
7.7000000000000002,0.007364443445588671,0.0064930090586612366,0
7.7000000000000002,0.0094073787945332561,0.0082942039249076626,0
7.7000000000000002,0.0074133104575884899,0.0065360936384979635,0
7.7000000000000002,0.01707711645639802,0.01505638174377235,0
7.7000000000000002,0.011015020293772932,0.0097116132505092601,0
7.7000000000000002,0.010257936936348742,0.0090441155455928766,0
7.7000000000000002,0.0083577868671000123,0.0073688101808897094,0
7.7000000000000002,0.007375666940945453,0.0065029044781263791,0
7.7000000000000002,0.018563075001188842,0.016366506855521462,0
7.7000000000000002,0.016271833533448316,0.014346387926570911,0
7.7000000000000002,0.012399351570974181,0.01093213664640008,0
7.7000000000000002,0.00904922777890769,0.0079784329089433118,0
7.7000000000000002,0.0075638909727541379,0.0066688559655159116,0
7.7000000000000002,0.025284276409349327,0.02229238868905142,0
7.7000000000000002,0.019627895186270072,0.017305326897885859,0
7.7000000000000002,0.013202389999111778,0.011640151559797749,0
7.7000000000000002,0.0089166561485564642,0.0078615484759034168,0
7.7000000000000002,0.0076187537932229221,0.0067172268699731801,0
7.7000000000000002,0.02795668117519164,0.024648567873700802,0
7.7000000000000002,0.019748868927444794,0.017411985819651102,0
7.7000000000000002,0.014009803701077159,0.012352024020993542,0
7.7000000000000002,0.010760346804843807,0.0094870752684017047,0
7.7000000000000002,0.0076509499901003157,0.0067456132917746237,0
7.7000000000000002,0.025064366635013605,0.022098500832161805,0
7.7000000000000002,0.018461108036344379,0.016276605638774953,0
7.7000000000000002,0.013255826116441423,0.011687264582858426,0
7.7000000000000002,0.010272464259081727,0.0090569238506332077,0
7.7000000000000002,0.0076548569113091937,0.0067490579071061351,0
7.7000000000000002,0.022477058664320752,0.019817348941272073,0
7.7000000000000002,0.017748999995718377,0.01564876132267802,0
7.7000000000000002,0.012828022375530839,0.011310082846643796,0
7.7000000000000002,0.009802939465046125,0.0086429579123428746,0
7.7000000000000002,0.0096297412009990063,0.0084902541940359635,0
7.7000000000000002,0.02286417583840996,0.020158658550979258,0
7.7000000000000002,0.017317199090648539,0.0152680554066273,0
7.7000000000000002,0.011865284439730275,0.010461265663858004,0
7.7000000000000002,0.0087059399397237721,0.0076757663101680047,0
7.7000000000000002,0.015887630383015824,0.028523670912429664,1
7.7000000000000002,0.02719391517095884,0.023976059949413729,0
7.7000000000000002,0.01497023691544576,0.013198809199969953,0
7.7000000000000002,0.011066251802313984,0.0097567825360776322,0
7.7000000000000002,0.0077451318433982563,0.0068286506090061575,0
7.7000000000000002,0.020097245586750929,0.017719139078605905,0
7.7000000000000002,0.012859102448036612,0.011337485215039295,0
7.7000000000000002,0.0099264024159490798,0.008751811495718834,0
7.7000000000000002,0.011595252922888636,0.020817401371096222,1
7.7000000000000002,0.016305072088047306,0.014375693363933909,0
7.7000000000000002,0.010066798588669367,0.0088755945932481161,0
7.7000000000000002,0.0082847178552126269,0.0073043874231351622,0
7.7000000000000002,0.008852552926493968,0.0078050305863145621,0
7.7000000000000002,0.017658360352641265,0.015568847066030966,0
7.7000000000000002,0.0094509188129363198,0.008332591854150936,0
7.7000000000000002,0.0090017480387957084,0.0079365714451507356,0
7.7000000000000002,0.012289098204729008,0.010834929557898828,0
7.7000000000000002,0.01456132943949463,0.012838287734210667,0
7.7000000000000002,0.011690961738423242,0.010307570562920693,0
7.7000000000000002,0.015835293365778477,0.028429708262227772,1
7.7000000000000002,0.01733018253565442,0.015279502520948791,0
7.7000000000000002,0.021370807483655746,0.038367828625238645,1
7.7999999999999998,0.025371781333565976,0.0448943678882247,1
7.7999999999999998,0.017662616460888538,0.031253304245322959,1
7.7999999999999998,0.014339976007118812,0.025374022813297845,1
7.7999999999999998,0.019671969424179366,0.034808775182317439,1
7.7999999999999998,0.019098203758980088,0.01659560967030594,0
7.7999999999999998,0.010808691199215148,0.0093923398479137891,0
7.7999999999999998,0.012320547492212411,0.010706085225898915,0
7.7999999999999998,0.0097117333875090996,0.0084391254044189866,0
7.7999999999999998,0.012952035273582815,0.011254823990206161,0
7.7999999999999998,0.012853773984037132,0.011169438682374041,0
7.7999999999999998,0.0073419787805382173,0.0063798991563376204,0
7.7999999999999998,0.0094025283722651096,0.0081704380552918513,0
7.7999999999999998,0.0094356917623123482,0.0081992557746707901,0
7.7999999999999998,0.011509498791128326,0.010001314880129029,0
7.7999999999999998,0.015822852153607965,0.013749454217063015,0
7.7999999999999998,0.0095003972172651233,0.0082554823438019797,0
7.7999999999999998,0.01020814391033663,0.0088704871899065105,0
7.7999999999999998,0.0085287282075005716,0.0074111390841798321,0
7.7999999999999998,0.0098634097664483233,0.0085709263849115726,0
7.7999999999999998,0.012145504186929218,0.010553979278840196,0
7.7999999999999998,0.014588767899142844,0.012677082131926807,0
7.7999999999999998,0.012101172656496602,0.010515456871998608,0
7.7999999999999998,0.0088921658610069503,0.0077269525247107354,0
7.7999999999999998,0.009515351405531676,0.0082684769622770934,0
7.7999999999999998,0.025266102832788895,0.02195527840180338,0
7.7999999999999998,0.013820676803249743,0.012009640304436315,0
7.7999999999999998,0.013776602782158436,0.011971341663377558,0
7.7999999999999998,0.0095055377394119497,0.0082599492612213821,0
7.7999999999999998,0.0093276901304016144,0.008105406481325397,0
7.7999999999999998,0.020942423293791996,0.018198166011851959,0
7.7999999999999998,0.017883100586796312,0.015539731420749058,0
7.7999999999999998,0.014318065585490748,0.012441852159992585,0
7.7999999999999998,0.0097081570168575711,0.0084360176749111171,0
7.7999999999999998,0.0093200918898410125,0.0080988039004693015,0
7.7999999999999998,0.030291991091212424,0.026322583350267537,0
7.7999999999999998,0.022311407348372846,0.019387760871212172,0
7.7999999999999998,0.013742727740778721,0.011941905546169999,0
7.7999999999999998,0.0094505568511835288,0.0082121729691742012,0
7.7999999999999998,0.011736031321541303,0.010198162997355383,0
7.7999999999999998,0.028072572173318211,0.024393993074391662,0
7.7999999999999998,0.021298450124172506,0.018507539730119728,0
7.7999999999999998,0.01295578060672359,0.011258078541664192,0
7.7999999999999998,0.0089734747754469813,0.0077976068660190676,0
7.7999999999999998,0.017761540840937198,0.031428347040018012,1
7.7999999999999998,0.02259015352540265,0.019629980653211383,0
7.7999999999999998,0.017818693777485389,0.015483764363274803,0
7.7999999999999998,0.012109603620845072,0.010522783058023075,0
7.7999999999999998,0.0089462479082472023,0.0077739477582676221,0
7.7999999999999998,0.021928703310717532,0.019055205678675212,0
7.7999999999999998,0.014366157547563822,0.012483642238311788,0
7.7999999999999998,0.011622228408584746,0.010099272612342981,0
7.7999999999999998,0.01039397689662604,0.009031968957681465,0
7.7999999999999998,0.020271722471899407,0.017615352612950556,0
7.7999999999999998,0.011955502156187904,0.01038887477066017,0
7.7999999999999998,0.010030076175685368,0.0087157531292355733,0
7.7999999999999998,0.017682034989849146,0.01536501309607451,0
7.7999999999999998,0.010577402189788351,0.0091913585320832873,0
7.7999999999999998,0.009464449161813741,0.008224244856538436,0
7.7999999999999998,0.0090378838069314366,0.0078535758544772561,0
7.7999999999999998,0.016931818741330141,0.014713103828278135,0
7.7999999999999998,0.01017456371690912,0.0088413072843086197,0
7.7999999999999998,0.0095156092351118184,0.0082687010063352429,0
7.7999999999999998,0.015981793958167373,0.013887568574939299,0
7.7999999999999998,0.01697172653441998,0.014747782176319684,0
7.7999999999999998,0.0088003019822801443,0.0076471263225510941,0
7.7999999999999998,0.010924771487362268,0.0094932091849895556,0
7.7999999999999998,0.013842113487322357,0.012028267964188218,0
7.7999999999999998,0.011397343867552621,0.02016715112791781,1
7.7999999999999998,0.013242507779768414,0.011507233504391236,0
7.7999999999999998,0.022610018642262912,0.040007537568616747,1
7.7999999999999998,0.016702093793609943,0.02955369721249964,1
7.9000000000000004,0.02905274892501326,0.05049359410806821,1
7.9000000000000004,0.015603262031774682,0.027118424553483202,1
7.9000000000000004,0.015584747231183105,0.027086245883283153,1
7.9000000000000004,0.019878839846014844,0.034549366502795005,1
7.9000000000000004,0.01906695819818768,0.01627384802533665,0
7.9000000000000004,0.013327319954332846,0.011375006818993522,0
7.9000000000000004,0.010622383510177743,0.0090663153039222417,0
7.9000000000000004,0.012452675534100064,0.010628488668425074,0
7.9000000000000004,0.014032784662831645,0.011977128318081882,0
7.9000000000000004,0.018417543759126558,0.01571956601680188,0
7.9000000000000004,0.010008456550364015,0.0085423222296826824,0
7.9000000000000004,0.010837432569929684,0.0092498619231584089,0
7.9000000000000004,0.010111628498848254,0.0086303805656090683,0
7.9000000000000004,0.013300780346219634,0.011352354986194756,0
7.9000000000000004,0.01382666540244799,0.011801203375901161,0
7.9000000000000004,0.0076004460166808063,0.0064870600813503312,0
7.9000000000000004,0.008880741751219905,0.0075798058667455315,0
7.9000000000000004,0.010260063515517785,0.0087570714031202056,0
7.9000000000000004,0.013013519369254451,0.011107174741178776,0
7.9000000000000004,0.020524736038353499,0.017518076642139144,0
7.9000000000000004,0.011240903989382909,0.0095942289949534632,0
7.9000000000000004,0.012794444531047645,0.010920192077971824,0
7.9000000000000004,0.0094659552733517768,0.0080792917219382754,0
7.9000000000000004,0.013247298572326968,0.011306707733423342,0
7.9000000000000004,0.019819459234638164,0.016916115521746617,0
7.9000000000000004,0.017468024000845746,0.01490914098294488,0
7.9000000000000004,0.01409646465666315,0.012031479858117608,0
7.9000000000000004,0.0095962726507084293,0.0081905189650107544,0
7.9000000000000004,0.013878098120884195,0.011845101738432857,0
7.9000000000000004,0.025879921114758179,0.022088783053466159,0
7.9000000000000004,0.0205133253403561,0.017508337492184417,0
7.9000000000000004,0.014765004428344294,0.012602085537856621,0
7.9000000000000004,0.009605936140138386,0.0081987668541991035,0
7.9000000000000004,0.025922084543284769,0.022124769980218537,0
7.9000000000000004,0.020683840204095912,0.017653873709850557,0
7.9000000000000004,0.01413127384009435,0.012061189859847159,0
7.9000000000000004,0.010442089398773084,0.008912432396204881,0
7.9000000000000004,0.024022837819839465,0.020503743059264501,0
7.9000000000000004,0.020750123221964997,0.017710446958097606,0
7.9000000000000004,0.012664397753811263,0.010809195794929106,0
7.9000000000000004,0.011032022761067121,0.0094159466842868439,0
7.9000000000000004,0.027487953538084323,0.023461255526789716,0
7.9000000000000004,0.017695661047110022,0.01510343158018306,0
7.9000000000000004,0.010873492379044891,0.0092806393469752457,0
7.9000000000000004,0.024220302078081023,0.020672280866693291,0
7.9000000000000004,0.014958039390142036,0.012766842894495277,0
7.9000000000000004,0.010691635661307833,0.0091254227384277558,0
7.9000000000000004,0.009757747187222705,0.0083283391689405444,0
7.9000000000000004,0.021998708627547617,0.018776127646432897,0
7.9000000000000004,0.013339596675441831,0.011385485128721817,0
7.9000000000000004,0.0097495763187483448,0.008321365247332041,0
7.9000000000000004,0.009273056813735964,0.0079146508713380127,0
7.9000000000000004,0.018894244765984232,0.016126435306517119,0
7.9000000000000004,0.01026294465349117,0.0087595304844813524,0
7.9000000000000004,0.0087077881920953164,0.0074321881970900658,0
7.9000000000000004,0.012413885564652553,0.010595381024241105,0
7.9000000000000004,0.026640143918250984,0.046300493542301611,1
7.9000000000000004,0.015034289745757327,0.012831923369643066,0
7.9000000000000004,0.010889761657394,0.0092945253460204671,0
7.9000000000000004,0.013283734065499639,0.011337805807508207,0
7.9000000000000004,0.016970891992331403,0.014484833619861564,0
7.9000000000000004,0.01601268032722028,0.027829992373933014,1
7.9000000000000004,0.019571793988667673,0.016704730646813368,0
7.9000000000000004,0.018718104858637872,0.032532012431725127,1
7.9000000000000004,0.024130455245595595,0.041938661844318173,1
8,0.028044572882126181,0.048668326033355386,1
8,0.018355237868197639,0.031853532045003179,1
8,0.017252016091537203,0.029939009854229242,1
8,0.028703699488781386,0.049812169040870019,1
8,0.021583680374563187,0.018394283153430169,0
8,0.012211325901544976,0.010406871414596737,0
8,0.012002299579052215,0.010228732686829837,0
8,0.021252046487446774,0.018111654448916863,0
8,0.017910378216674398,0.015263780902296834,0
8,0.012665532735335902,0.010793960593364396,0
8,0.0094765917892407799,0.00807624601901538,0
8,0.021501665968987352,0.018324387928304424,0
8,0.020786651870771847,0.017715030693901963,0
8,0.010396858224415637,0.008860525673432134,0
8,0.01142886146677884,0.009740030907287367,0
8,0.010199894815304273,0.0086926673353180696,0
8,0.017014745061725688,0.014500494494796928,0
8,0.0083643859430508373,0.0071283896337888527,0
8,0.014054253602846118,0.011977471672789237,0
8,0.00935025932705103,0.007968581568807578,0
8,0.024527273725878984,0.020902904883043461,0
8,0.018360086824183882,0.01564703655283978,0
8,0.013259806034731356,0.01130041876685022,0
8,0.0093367440477460303,0.0079570634277806741,0
8,0.026546032292032239,0.022623353668413657,0
8,0.020618534255269706,0.017571755637518602,0
8,0.013463315720518785,0.011473856045380868,0
8,0.010440610140077061,0.0088978124156009839,0
8,0.026590899087548373,0.022661590545840889,0
8,0.023000455927808222,0.019601703307870547,0
8,0.01437865950627812,0.012253940464988603,0
8,0.017187565464831325,0.014647777412920636,0
8,0.023326198332482825,0.019879311107962202,0
8,0.017826631437178341,0.01519240929428072,0
8,0.013444419556888677,0.011457752147514804,0
8,0.016173689864525984,0.013783721118964887,0
8,0.02479543932035988,0.021131443936221014,0
8,0.015248618065279875,0.012995346183954277,0
8,0.011787987839387722,0.010046089562298641,0
8,0.015027598161269083,0.012806986153303074,0
8,0.0227552217513767,0.019392707121775436,0
8,0.01451569824104138,0.01237072913339355,0
8,0.010555497875929666,0.0089957233143659558,0
8,0.017319003277681839,0.014759792801616311,0
8,0.019711447568911269,0.016798708174619384,0
8,0.012537673085390295,0.010684994626291897,0
8,0.010004341296979719,0.0085260105499465385,0
8,0.022544277855812495,0.019212934178646217,0
8,0.03273850981208011,0.056814146397501541,1
8,0.016142079963585729,0.01375678217906879,0
8,0.010518471440948094,0.0089641682358346866,0
8,0.012818247180332231,0.010924108589171077,0
8,0.022085990289263675,0.018822367272608709,0
8,0.016715175184086519,0.014245191735586899,0
8,0.020197343178141425,0.017212803512582281,0
8,0.018721294043125777,0.015954868569760791,0
8,0.042224204655604523,0.073275544873346837,1
8.0999999999999996,0.033993603971319848,0.057896766812417684,1
8.0999999999999996,0.020967928694615109,0.035711873304041387,1
8.0999999999999996,0.019233623308619888,0.03275806250483336,1
8.0999999999999996,0.027132570900748051,0.046211285269645026,1
8.0999999999999996,0.026506948572107471,0.022170558032120712,0
8.0999999999999996,0.014331657658385632,0.011987077537324524,0
8.0999999999999996,0.013517429490572967,0.011306052605436531,0
8.0999999999999996,0.018955335848145481,0.015854347485393518,0
8.0999999999999996,0.022172989620323345,0.01854561085315844,0
8.0999999999999996,0.01110982245980043,0.0092923168014423848,0
8.0999999999999996,0.010766295984128944,0.009004989361857018,0
8.0999999999999996,0.016361550744669381,0.01368489131419248,0
8.0999999999999996,0.017278362791331842,0.014451717968335019,0
8.0999999999999996,0.013037029567212276,0.010904243459033991,0
8.0999999999999996,0.010883982280724723,0.0091034228296386598,0
8.0999999999999996,0.013561429302482506,0.011342854290877205,0
8.0999999999999996,0.013260310939998321,0.01109099723113938,0
8.0999999999999996,0.010931111064289855,0.0091428416042355007,0
8.0999999999999996,0.0090976423535435013,0.0076093182587964343,0
8.0999999999999996,0.013041780623767596,0.010908217268949798,0
8.0999999999999996,0.020516097690011181,0.017159777301099084,0
8.0999999999999996,0.014928381565144136,0.01248618070523365,0
8.0999999999999996,0.0096586661533785839,0.0080785616603071212,0
8.0999999999999996,0.013038160327093727,0.010905189232837563,0
8.0999999999999996,0.031119752689494105,0.026028732846061383,0
8.0999999999999996,0.018856300360791615,0.015771513657363661,0
8.0999999999999996,0.010039239758669634,0.0083968755235058895,0
8.0999999999999996,0.013478054672299388,0.011273119290190385,0
8.0999999999999996,0.031347527190338197,0.02621924469526439,0
8.0999999999999996,0.019103176096577905,0.015978001884859296,0
8.0999999999999996,0.0128398290180817,0.010739303831729394,0
8.0999999999999996,0.014792214585760481,0.012372289892405026,0
8.0999999999999996,0.031733797302655679,0.02654232314836932,0
8.0999999999999996,0.018321145332465458,0.015323907039068446,0
8.0999999999999996,0.012924281133743816,0.010809940047215643,0
8.0999999999999996,0.016294432501630915,0.013628753245404581,0
8.0999999999999996,0.021432350848738579,0.01792613649828919,0
8.0999999999999996,0.015272172763408623,0.012773729560256356,0
8.0999999999999996,0.013014833485193477,0.010885678533571341,0
8.0999999999999996,0.023357995589089929,0.01953675638345137,0
8.0999999999999996,0.019172442786255895,0.016035936926270086,0
8.0999999999999996,0.013267768427737062,0.011097234715029151,0
8.0999999999999996,0.013015458837758901,0.01088620158190731,0
8.0999999999999996,0.040175802342804864,0.068426079850363253,1
8.0999999999999996,0.022431702661080372,0.018761999867841394,0
8.0999999999999996,0.014226349033927081,0.011898996822809619,0
8.0999999999999996,0.021192130129789311,0.017725214563593668,0
8.0999999999999996,0.02311858812890424,0.019336514662872686,0
8.0999999999999996,0.02055700655424578,0.017193993700850795,0
8.0999999999999996,0.020662856373855995,0.017282527073976484,0
8.0999999999999996,0.019315349950507155,0.016155465266909506,0
8.0999999999999996,0.027415929798125328,0.022930834944671224,0
8.0999999999999996,0.047238799733653775,0.080455540253552657,1
8.1999999999999993,0.040322662782685044,0.065559261152255244,1
8.1999999999999993,0.020553215553798149,0.033416781854710677,1
8.1999999999999993,0.02068844574667679,0.033636648076799752,1
8.1999999999999993,0.030265851436951163,0.049208229849405663,1
8.1999999999999993,0.025842629355057118,0.020633900560918027,0
8.1999999999999993,0.017255458315806268,0.013777522640192882,0
8.1999999999999993,0.014729786845029697,0.011760914606175123,0
8.1999999999999993,0.021749223110961606,0.0173655436056077,0
8.1999999999999993,0.021379120100667313,0.017070036960103979,0
8.1999999999999993,0.013741903940405703,0.010972145114503663,0
8.1999999999999993,0.013321666479588717,0.010636608901863071,0
8.1999999999999993,0.017596637165372631,0.014049934953921442,0
8.1999999999999993,0.023335716254622871,0.018632270041107915,0
8.1999999999999993,0.011201182546394378,0.0089435205547984901,0
8.1999999999999993,0.011203686079792821,0.0089455194868144506,0
8.1999999999999993,0.016854485936462028,0.013457368522382702,0
8.1999999999999993,0.0191020409241811,0.015251916030866605,0
8.1999999999999993,0.011892143215015333,0.0094952141743581513,0
8.1999999999999993,0.010896172197414214,0.0086999867748398328,0
8.1999999999999993,0.016904029118740345,0.013496925994749661,0
8.1999999999999993,0.02331741608923233,0.018617658378040327,0
8.1999999999999993,0.012771025537614984,0.010196952770694948,0
8.1999999999999993,0.010902474086585788,0.0087050184824391513,0
8.1999999999999993,0.014811803627803953,0.01182640044033074,0
8.1999999999999993,0.020168088115639981,0.01610309535320224,0
8.1999999999999993,0.013670302712429113,0.010914975520891105,0
8.1999999999999993,0.011406848942628811,0.0091077337201973581,0
8.1999999999999993,0.019716754255704409,0.015742730397386953,0
8.1999999999999993,0.030951311862231327,0.024712899079298512,0
8.1999999999999993,0.014537674833181359,0.011607523861968175,0
8.1999999999999993,0.012168868321182009,0.0097161637629198626,0
8.1999999999999993,0.026698244489480986,0.021317061603068864,0
8.1999999999999993,0.031036920044299938,0.024781252445813015,0
8.1999999999999993,0.014974153961758116,0.011956028141940234,0
8.1999999999999993,0.013018921815348911,0.010394884145010875,0
8.1999999999999993,0.038568647669706774,0.062707466976942905,1
8.1999999999999993,0.029229175375080629,0.023337868986966114,0
8.1999999999999993,0.014986978780398235,0.01196626804550795,0
8.1999999999999993,0.016559457759646342,0.013221804951066281,0
8.1999999999999993,0.026325126858983867,0.021019147951194413,0
8.1999999999999993,0.017578246454046553,0.014035250994966136,0
8.1999999999999993,0.025171254796400425,0.040925096529978895,1
8.1999999999999993,0.027699416250358325,0.022116441506503482,0
8.1999999999999993,0.02372673254107991,0.018944474773126611,0
8.1999999999999993,0.035386920165574258,0.028254485324292974,0
8.1999999999999993,0.027756486578633697,0.02216200898581969,0
8.1999999999999993,0.030098226341993731,0.048935693845639935,1
8.1999999999999993,0.0379264646273519,0.061663363168417348,1
8.3000000000000007,0.039545981406697295,0.064186066769486128,1
8.3000000000000007,0.026053928003691391,0.042287461404842214,1
8.3000000000000007,0.021058748267715033,0.034179913465605484,1
8.3000000000000007,0.033126393222732656,0.053766598061123848,1
8.3000000000000007,0.031693623637435393,0.025262137224387093,0
8.3000000000000007,0.019222273462624246,0.015321558542265884,0
8.3000000000000007,0.016251411418220108,0.012953564099629361,0
8.3000000000000007,0.025532955289239816,0.020351633743105505,0
8.3000000000000007,0.026963289142499788,0.021491714489033857,0
8.3000000000000007,0.015563623648767212,0.012405346918408989,0
8.3000000000000007,0.01372193230758292,0.010937384153463129,0
8.3000000000000007,0.02400517482527386,0.019133880917775091,0
8.3000000000000007,0.027244057738159799,0.021715507605056219,0
8.3000000000000007,0.015031392048518383,0.011981119386888738,0
8.3000000000000007,0.013591421536175628,0.01083335751850753,0
8.3000000000000007,0.021410931624907634,0.017066079252973477,0
8.3000000000000007,0.02281375196058533,0.018184229712083246,0
8.3000000000000007,0.012751096868233754,0.010163557267282521,0
8.3000000000000007,0.013645940297350462,0.010876812960581862,0
8.3000000000000007,0.022479055199287348,0.017917451901846345,0
8.3000000000000007,0.024234836519678362,0.019316938093742148,0
8.3000000000000007,0.013053994018272643,0.010404988460404916,0
8.3000000000000007,0.012069151591763892,0.0096199969804948698,0
8.3000000000000007,0.029342091300703026,0.023387793878303122,0
8.3000000000000007,0.020819818148511329,0.016594918557474147,0
8.3000000000000007,0.013874379290892093,0.011058895554489906,0
8.3000000000000007,0.012589678839322023,0.010034895286452985,0
8.3000000000000007,0.042829781855112999,0.069515918940103463,1
8.3000000000000007,0.028927002524737656,0.02305693774967937,0
8.3000000000000007,0.01448651589468726,0.01154681322089642,0
8.3000000000000007,0.016235398770253991,0.012940800847472605,0
8.3000000000000007,0.028266790028959408,0.022530700079402208,0
8.3000000000000007,0.01763566834422492,0.014056918162849739,0
8.3000000000000007,0.02428205997494676,0.019354578643174025,0
8.3000000000000007,0.027416254766735624,0.021852761237372845,0
8.3000000000000007,0.020806717075104841,0.016584476043296294,0
8.3000000000000007,0.030558244303417699,0.024357156813633114,0
8.3000000000000007,0.025103654867076632,0.020009449892522894,0
8.3000000000000007,0.039702841834579179,0.031646070203174642,0
8.3000000000000007,0.032999188471614149,0.02630276793211726,0
8.3000000000000007,0.036515007733124751,0.059266571243815978,1
8.3000000000000007,0.046543941940582645,0.075544276784780484,1
8.4000000000000004,0.046293126672065574,0.072167800424440307,1
8.4000000000000004,0.028432788951510028,0.044324762358317726,1
8.4000000000000004,0.02867030795719817,0.044695038151545949,1
8.4000000000000004,0.05829459393651882,0.090877262424641586,1
8.4000000000000004,0.030800249139172106,0.023579846399105708,0
8.4000000000000004,0.020616058248658326,0.015783102424328191,0
8.4000000000000004,0.022483235513294796,0.017212563364760496,0
8.4000000000000004,0.055379324203392422,0.042396928430734455,0
8.4000000000000004,0.031267782072746671,0.023937777099938596,0
8.4000000000000004,0.018887908002894412,0.014460076848607631,0
8.4000000000000004,0.021621321177088454,0.016552704817347493,0
8.4000000000000004,0.062659147141484586,0.097681300675699856,1
8.4000000000000004,0.029535022306867626,0.02261122259898769,0
8.4000000000000004,0.016188966272423961,0.012393839294584376,0
8.4000000000000004,0.019638766214693258,0.015034913799494707,0
8.4000000000000004,0.025007852692218113,0.019145342707764069,0
8.4000000000000004,0.01621582211745214,0.012414399410764648,0
8.4000000000000004,0.020270805636910774,0.015518786265159738,0
8.4000000000000004,0.025456167945867813,0.019488560867190953,0
8.4000000000000004,0.016275546426142276,0.012460122743028707,0
8.4000000000000004,0.021124591577290772,0.016172421930277528,0
8.4000000000000004,0.021928819948523109,0.01678811764682105,0
8.4000000000000004,0.016902548645450342,0.012940138860962614,0
8.4000000000000004,0.024762661779008814,0.018957631106932285,0
8.4000000000000004,0.028042958477812963,0.021468938465252389,0
8.4000000000000004,0.018295577057334395,0.014006604129908781,0
8.4000000000000004,0.027445573069484828,0.021011596185136566,0
8.4000000000000004,0.025668777187428528,0.019651328812228645,0
8.4000000000000004,0.036264782937574409,0.027763347221674426,0
8.4000000000000004,0.046534578771966817,0.035625628050343645,0
8.4000000000000004,0.029154797467063388,0.022320132638020265,0
8.4000000000000004,0.038742765302427658,0.02966042419916614,0
8.4000000000000004,0.07113677515003354,0.11089733964683265,1
8.5,0.054542658567597532,0.07867617139019159,1
8.5,0.041614490830531661,0.060027671897231454,1
8.5,0.034989984926886125,0.050472018111037409,1
8.5,0.097458062806242668,0.14058037239231963,1
8.5,0.037327670717510177,0.02644220044301393,0
8.5,0.023771575719366531,0.016839324767267447,0
8.5,0.031679859542384753,0.022441400171088421,0
8.5,0.034589938930239081,0.024502844161555026,0
8.5,0.02161480556639607,0.015311510478346318,0
8.5,0.029086902391752927,0.020604599443927316,0
8.5,0.031690680361474634,0.022449065430179931,0
8.5,0.019048861227096526,0.013493845104611978,0
8.5,0.032586110800210226,0.023083371045523771,0
8.5,0.030552492568476336,0.021642795197246947,0
8.5,0.018860904365929531,0.013360700097112595,0
8.5,0.026523256102842879,0.0187885619646707,0
8.5,0.018771232334372702,0.013297178163196539,0
8.5,0.026961342845157429,0.019098894145303507,0
8.5,0.020819658648322536,0.014748243770694983,0
8.5,0.03179473875520835,0.022522778384993215,0
8.5,0.034856329417320919,0.050279223992562919,1
8.5,0.071462501809331933,0.10308254470864762,1
8.5,0.036761355198452958,0.026041033475425031,0
8.5,0.02653691892501818,0.018798240443815853,0
8.5,0.030482628119644146,0.021593304572079305,0
8.5,0.033485572265452533,0.023720532162130686,0
8.5,0.03980052820591104,0.028193924890814275,0
8.5,0.06232893805086958,0.089907649195011513,1
8.5999999999999996,0.059186901030761997,0.088877007152818696,1
8.5999999999999996,0.040311035284009034,0.060532383160461466,1
8.5999999999999996,0.051907201315460463,0.077945569412380913,1
8.5999999999999996,0.045113754829971299,0.033268451226841189,0
8.5999999999999996,0.032421969136918437,0.02390908721685775,0
8.5999999999999996,0.042615869379548268,0.031426423654744115,0
8.5999999999999996,0.073669236758664533,0.11062416123019349,1
8.5999999999999996,0.036319700907554361,0.026783410132239723,0
8.5999999999999996,0.027924863543565194,0.020592765206900988,0
8.5999999999999996,0.039006340742144305,0.02876463174941632,0
8.5999999999999996,0.036849416381077742,0.027174040738391528,0
8.5999999999999996,0.026811709839341388,0.019771886965741052,0
8.5999999999999996,0.040701589401554848,0.030014767047520555,0
8.5999999999999996,0.0356475032952513,0.026287708243447998,0
8.5999999999999996,0.031847558739324773,0.023485497019842282,0
8.5999999999999996,0.051489575915960858,0.037970203356091844,0
8.5999999999999996,0.031784131912201516,0.023438723872437991,0
8.5999999999999996,0.035642476146309693,0.026284001049045668,0
8.5999999999999996,0.028542337195337251,0.021048111744675559,0
8.5999999999999996,0.059618441907140024,0.089525023198407036,1
8.5999999999999996,0.035588949352303514,0.026244528530244358,0
8.5999999999999996,0.032149900566693479,0.023708454394495732,0
8.5999999999999996,0.045959754985517708,0.03389232115340287,0
8.5999999999999996,0.058889781433388098,0.08843084254340082,1
8.6999999999999993,0.068512623711946621,0.099493246132199523,1
8.6999999999999993,0.057382467896789129,0.083330161549962131,1
8.6999999999999993,0.17852769315634431,0.25925586781346294,1
8.6999999999999993,0.049621162145777137,0.035387486818936845,0
8.6999999999999993,0.046698417363331753,0.033303122245611251,0
8.6999999999999993,0.044349947755628207,0.031628303807398693,0
8.6999999999999993,0.044811669222068341,0.031957581913777358,0
8.6999999999999993,0.037736508129640176,0.026911908675318886,0
8.6999999999999993,0.045224348668906129,0.032251885550651394,0
8.6999999999999993,0.037043644562617037,0.026417790857736902,0
8.6999999999999993,0.047315335703266903,0.03374307948721475,0
8.6999999999999993,0.037443376338882603,0.026702860822889096,0
8.6999999999999993,0.059647955053410376,0.042538125508387141,0
8.6999999999999993,0.039387157926248577,0.0280890747350044,0
8.6999999999999993,0.056288759955205409,0.040142505028747041,0
8.6999999999999993,0.066294864081026819,0.047278389448808911,0
8.6999999999999993,0.083714068328910388,0.12156860960389285,1
8.8000000000000007,0.099435332953616867,0.12510777907942863,1
8.8000000000000007,0.15673057553805919,0.19719564099567868,1
8.8000000000000007,0.21774432909822933,0.27396206772221399,1
8.8000000000000007,0.08570979038081189,0.052958271654036979,0
8.8000000000000007,0.074784742072195015,0.046207914739259864,0
8.8000000000000007,0.074212674064570883,0.045854445983616696,0
8.8000000000000007,0.075974983976586336,0.046943340106965416,0
8.8000000000000007,0.092536536845173961,0.057176374302131419,0
8.8000000000000007,0.12287103507075654,0.15459416541666832,1
8.9000000000000004,0.20001840488470476,0.22201467564342078,1
8.9000000000000004,0.31628312793085966,0.35106517372505047,1
8.9000000000000004,0.19468170076665237,0.10611985383513556,0
8.9000000000000004,0.28901676641778318,0.32080029679639327,1
9,0.42678976215508313,0.42678976215508319,1
9,0.57321023784491687,0.57321023784491687,1
9.0999999999999996,1,1,1
9.1999999999999993,1,1,1
9.3000000000000007,1,1,1
9.4000000000000004,1,1,1
9.5,1,1,1
9.5999999999999996,1,1,1
9.6999999999999993,1,1,1
9.8000000000000007,1,1,1
