unit_source,alongstrike_number,downdip_number,lon_c,lat_c,depth_km,area_km2,target_convergence_shape,integrated_slip_no_edge_correction,integrated_slip
1,1,1,17.382937942980966,39.602152886828172,1.7103834923441501,1015.9562391228291,0.00784012298232129,0.0014531127610191046,0.0020058536554852053
2,1,2,17.094990013428642,39.471835703280043,6.6272454819746462,812.39502379200621,0.00784012298232129,0.0020079314280030411,0.0028722282104433066
3,1,3,16.815127359704938,39.353497848451511,15.968946844910931,632.7184210175534,0.00784012298232129,0.0022575656189812981,0.0032075384107885679
4,1,4,16.544351937117199,39.264168242734499,30.17851825420647,479.91558747564517,0.00784012298232129,0.0019922031053650276,0.0027705522834885516
5,1,5,16.295535440982356,39.227045013099158,49.126433398926032,377.04476379049936,0.00784012298232129,0.0014848666181313064,0.0020502346781394497
6,2,1,17.645098703384164,39.352929991041435,1.6846992508687952,1129.174254005816,0.00784012298232129,0.0020391452936514829,0.0024780412054701212
7,2,2,17.289073672516146,39.263614513428948,6.3897860915144564,895.08973615339505,0.00784012298232129,0.0028828359465649226,0.0035840320268292138
8,2,3,16.943409613748045,39.18331063380046,15.67983327255827,712.95132733141429,0.00784012298232129,0.0032209870754377804,0.0040060961103047694
9,2,4,16.611254262008796,39.124405862372299,29.839168741812969,541.33032328920285,0.00784012298232129,0.0027245540600274311,0.0033916681613941628
10,2,5,16.307752900255842,39.111845134631572,48.864422309900355,421.05315374830127,0.00784012298232129,0.0019352237075591302,0.0024546937457033944
11,3,1,17.961845109121878,39.090982247596486,1.5635243301403388,1295.8157336050219,0.00784012298232129,0.0023784337157420066,0.0025565381962989416
12,3,2,17.523554700120055,39.04653398818914,5.6155660370177856,1046.0307475706863,0.00784012298232129,0.0034246305510142556,0.003775223032239598
13,3,3,17.095160311588657,39.003113503523558,13.912779695083143,867.44908015308647,0.00784012298232129,0.0038192996923919051,0.0043998465541164574
14,3,4,16.683590235019754,38.976491212192819,27.893508153836997,664.14009850279422,0.00784012298232129,0.0033370905725654131,0.0039601283557291391
15,3,5,16.309899283062329,38.994909691998913,48.032770165631298,500.65863914212417,0.00784012298232129,0.002267670060283943,0.0027749919213306399
16,4,1,18.345386537242369,38.826498489441498,1.3484492366119865,1414.3166135467691,0.0086087624903920055,0.0026079281535072532,0.0026361554621284092
17,4,2,17.808124861055944,38.815333005742005,4.3942160503832,1293.049043289664,0.0086087624903920055,0.0038029775413142173,0.0039111103974266825
18,4,3,17.277717316704425,38.805086722817535,11.239401191243047,1112.8421444099106,0.0086087624903920055,0.0041678101180898184,0.0045264568617001235
19,4,4,16.765491036957467,38.816085541997431,24.857416616686564,845.32998839386619,0.0086087624903920055,0.00362656273771895,0.0040954191601236863
20,4,5,16.302374073755672,38.875737155725815,46.663782239214726,617.5912244130966,0.0086087624903920055,0.0024560382445819279,0.0028926313580346515
21,5,1,18.748588899121607,38.556539216947726,1.1860582473579182,1691.8793093957661,0.0086087624903920055,0.0027423562137639228,0.0026040557979041912
22,5,2,18.103815886838323,38.562774860202353,3.5726883042785254,1628.2301442034436,0.0086087624903920055,0.0039556424630054678,0.0038488869871414074
23,5,3,17.464604833557978,38.58302679916585,9.3073216645555288,1380.9826256028041,0.0086087624903920055,0.0042290922609426879,0.0043821811819704775
24,5,4,16.844069014899539,38.640113200010092,22.2271604627343,1072.6354842632143,0.0086087624903920055,0.0037555333267236153,0.0040665336505630147
25,5,5,16.28337708833276,38.753031562884992,45.306468855099375,770.9595399916783,0.0086087624903920055,0.0026283237588782403,0.0029792330141260475
26,6,1,19.164355601173661,38.272368260275684,1.0638440543934373,2089.2501951879276,0.0076863950807071479,0.0028494205618853578,0.0026365674151730173
27,6,2,18.402369393189428,38.289690330944929,3.1915321631803124,2060.1048655793347,0.0076863950807071479,0.0039252564930811699,0.0036976016841807802
28,6,3,17.647851728392954,38.335875689790981,8.0016475117334451,1775.8662300378408,0.0076863950807071479,0.004199114936045475,0.0041831838381708045
29,6,4,16.916140517714144,38.444940613840686,20.112327103774337,1387.644110534183,0.0076863950807071479,0.0037855705567466928,0.0039568158899214471
30,6,5,16.255718315682905,38.625861369732519,44.238367700827766,936.40957250021916,0.0076863950807071479,0.0026849303210399931,0.0028971854468190683
31,7,1,19.302060004445398,37.880919731823596,1.0261874327812057,4041.5624968410525,0.0059953881629515758,0.002855683519760276,0.0025775428526200414
32,7,2,18.482365485948915,37.961466570912222,3.0785622983436172,3091.9618465080734,0.0059953881629515758,0.0038083840531003758,0.00350197926144325
33,7,3,17.672343471308519,38.071446587163955,7.6647835924174856,2273.1106340031424,0.0059953881629515758,0.004115929520603764,0.0040017103733049871
34,7,4,16.892798626117038,38.25236245482828,19.564434386363065,1606.3728987619213,0.0059953881629515758,0.0038511534774691865,0.0039755527663967189
35,7,5,16.193275300250363,38.505612270804733,43.952025659507996,1061.740597738466,0.0059953881629515758,0.0027169245445520462,0.0028907045656074901
36,8,1,19.029362723860487,37.448898700463339,1.0779009668760997,3623.0069004035645,0.010453497309761722,0.003099373496749284,0.0027770521511013076
37,8,2,18.246764865399172,37.634640274110339,3.2337029006282996,2768.5110059647832,0.010453497309761722,0.0038869881929081002,0.0035085198457170861
38,8,3,17.475662603892388,37.838836579878922,8.4351534367411922,2066.7422910636669,0.010453497309761722,0.0040922264258084163,0.0039075681579978927
39,8,4,16.741927573196087,38.09987157069596,20.323389518225149,1453.2919571274122,0.010453497309761722,0.0039458521976895632,0.0040095502058658085
40,8,5,16.086581271371667,38.407018188159512,44.044038015236154,976.53125327330747,0.010453497309761722,0.0028001589059452993,0.0029332839411934492
41,9,1,18.600673161359882,37.096730058092206,1.1511649457118498,3550.2281110297708,0.010453497309761722,0.0031610697809436889,0.0028273198756279213
42,9,2,17.899477749621902,37.378148523527265,3.4534948371355494,2594.3075812244228,0.010453497309761722,0.0039513272750278427,0.0035576136480408543
43,9,3,17.209016174479057,37.665524692607057,8.9862167640668957,1778.4018012396652,0.010453497309761722,0.0042108658275998743,0.0039906862979086728
44,9,4,16.555121886600674,37.992445043519702,20.362310857608232,1219.1272315244164,0.010453497309761722,0.004009892768300871,0.0040361967512301446
45,9,5,15.965243622224682,38.329653508595122,43.678423984965029,849.67653978229566,0.010453497309761722,0.0028643021455707833,0.0029934470669322187
46,10,1,18.259506812762027,36.756867350611373,1.1534353728812785,3044.3922808635966,0.01091468101460415,0.0031665991097551546,0.0028268692626748633
47,10,2,17.62558362535254,37.12959265081534,3.4603061186438357,2365.0667996030129,0.01091468101460415,0.0040378878281390447,0.0036270472759183992
48,10,3,16.992138675510912,37.496996873424401,8.3873376485864242,1770.4569513998217,0.01091468101460415,0.0042150015974093021,0.0039667400453056783
49,10,4,16.395511102645333,37.890456829153329,18.757157826649046,1212.5764184886486,0.01091468101460415,0.0040180320051691797,0.0040208084203018609
50,10,5,15.85007456208039,38.258980102849044,42.676690923825177,817.07114755526482,0.01091468101460415,0.0029313992043943915,0.0030525480758436334
51,11,1,18.000451535533646,36.431622535517235,1.0811051443895816,3050.184352392816,0.01091468101460415,0.0032193704558786534,0.0028740516789181494
52,11,2,17.412944679797899,36.881392525027323,3.2433154331687444,2401.8820487440335,0.01091468101460415,0.0040202921768480717,0.003577977637455342
53,11,3,16.815240267265033,37.322661585940629,7.1883172657145966,1763.5844740358293,0.01091468101460415,0.0042236228728975214,0.0039668216729364762
54,11,4,16.254300847854587,37.78222560879825,16.446084346349615,1236.200663242786,0.01091468101460415,0.0040816136510598323,0.0040985432279350793
55,11,5,15.734564070001872,38.188081691177317,41.419977369414184,882.71991388576282,0.01091468101460415,0.0029716904586041329,0.0031377109419903015
56,12,1,17.6453468458493,36.184707097821423,1.0178026418860613,3137.902042854937,0.012451960030745579,0.0031370311450097743,0.002815584047320976
57,12,2,17.128459688784446,36.691825659087719,3.0534079256581839,2443.0021863214929,0.012451960030745579,0.0039830059766075877,0.003545232545265523
58,12,3,16.596922707357852,37.190556977804277,6.3952741110753077,1768.7078419004454,0.012451960030745579,0.0041800826521312161,0.0039114075298801645
59,12,4,16.086744876189194,37.693938942682301,14.800269162435281,1316.9468515234821,0.012451960030745579,0.0040769633823823518,0.0041089704208988539
60,12,5,15.601131512856522,38.122540131711197,40.440600335132096,938.26185558430166,0.012451960030745579,0.0030094292947988686,0.003211670376680941
61,13,1,17.190585331372368,36.066112389872828,0.97625034388628862,2794.6725578089313,0.012298232129131437,0.0030799416534856745,0.0028196525092886392
62,13,2,16.768407007152156,36.599366543724329,2.9287510316588659,2205.9793524675797,0.012298232129131437,0.004004365220401567,0.0036522100660596394
63,13,3,16.324284034384139,37.121196171663371,5.9840530432360479,1659.781918962469,0.012298232129131437,0.0041064567437553972,0.0039306334600886939
64,13,4,15.878382873427295,37.632851417739218,14.032130895222107,1372.8386107598885,0.012298232129131437,0.0040587618866155832,0.0041662150874095935
65,13,5,15.447414858018247,38.064347280680472,40.000578539758635,982.69236570138037,0.012298232129131437,0.0029451659004583004,0.0031703772136464112
66,14,1,16.701416485865835,36.073165119314112,0.95822195847582092,2390.0588663771437,0.012298232129131437,0.0030027119146090178,0.0027875885923894571
67,14,2,16.37142034049571,36.597292721232989,2.8746658754274628,2015.9537183873342,0.012298232129131437,0.0039264836561896102,0.0036542028642677538
68,14,3,16.01094852245134,37.106107225106193,5.9096015185228712,1599.0118227219223,0.012298232129131437,0.0040920578025373366,0.0039657618517705438
69,14,4,15.634584547519976,37.596048644291258,14.250646688392964,1353.1944541358596,0.012298232129131437,0.0039801164196241355,0.0041418519579434036
70,14,5,15.278860074755796,38.013935150271777,40.257489086821728,958.89613228397445,0.012298232129131437,0.0028431643834084014,0.003083665904050284
71,15,1,16.221719849352567,36.176542931719865,1.0043082709715669,1897.3059560833319,0.011990776325903152,0.0027487774940225043,0.0026665200709328446
72,15,2,15.963826014287637,36.662176778171897,3.0129248129147013,1718.4170592049584,0.011990776325903152,0.0037305597793321119,0.003601531503744065
73,15,3,15.668748685978388,37.130421947775829,6.4411736419901553,1439.875472933561,0.011990776325903152,0.0040143296208765764,0.0040068876216559539
74,15,4,15.368566941458624,37.583407601667467,15.573006386796333,1256.3146131018741,0.011990776325903152,0.0036492735876978008,0.003817030382288963
75,15,5,15.105348465313654,37.976534163158227,41.140449286749316,842.46101211564405,0.011990776325903152,0.002660352120117684,0.0029060922745333486
76,16,1,15.786317472449092,36.374849046961671,1.1624114075616567,1147.6994064396042,0.010760953112990008,0.0025193002392306335,0.0025518583390782908
77,16,2,15.565159407769023,36.795490561332983,3.5195522843641811,1251.7522719354758,0.010760953112990008,0.0036673869838921586,0.0036970455998168246
78,16,3,15.327748676969129,37.205575901057699,7.8430522431703835,1038.675140096419,0.010760953112990008,0.0039183534553701169,0.0040869675529662227
79,16,4,15.111236765510494,37.608819941379657,18.053149893097785,910.8427403390142,0.010760953112990008,0.0035257727018564778,0.0038812753776673379
80,16,5,14.932647361582971,37.957962095016981,42.567238526729923,703.73288325503381,0.010760953112990008,0.0025046938742054013,0.0028303991802511442
81,17,1,15.363840492580342,36.592122431457128,1.33621217946575,1276.1401503324712,0.010760953112990008,0.0024373336437806823,0.0025763545794972417
82,17,2,15.188132337648494,36.952836853810545,4.2195288648543672,1043.1274081720283,0.010760953112990008,0.0035681043163854204,0.0037887164529349375
83,17,3,15.025843150382842,37.309865411673385,9.519256722551745,830.92631937099304,0.010760953112990008,0.003750228147386007,0.004138367401251117
84,17,4,14.887420988645895,37.658628137494439,20.837956313526334,677.13414617036381,0.010760953112990008,0.0032503749380999327,0.0037761968723339528
85,17,5,14.764407878044832,37.952759012031272,44.202016276363203,586.98972668575482,0.010760953112990008,0.0022898392055042986,0.0026964247402726433
86,18,1,14.943202666080266,36.77424133385167,1.435425952205172,1127.86114497229,0.010760953112990008,0.0023381760903148337,0.002667156603737546
87,18,2,14.846611721121782,37.095213708477033,4.7703732963102468,863.28035353027985,0.010760953112990008,0.0033546794323904261,0.0038582924868428418
88,18,3,14.762099642358011,37.40925848062728,10.960101002731722,727.42175019011484,0.010760953112990008,0.0034670453835128445,0.0040378159192347744
89,18,4,14.684791297096073,37.706719386933884,23.490591457645095,576.43481620096236,0.010760953112990008,0.003032682051178911,0.0037269668463203345
90,18,5,14.603017049090189,37.95255075997742,45.865437799018451,493.12388271187996,0.010760953112990008,0.002187514681321345,0.0026774754187085218
91,19,1,14.57279986036229,36.933490075774742,1.480747931275594,952.71895011953541,0.010760953112990008,0.0020053129469214011,0.0025542939060405295
92,19,2,14.545698792345743,37.218490794793588,5.1337114626225855,757.93924459334369,0.010760953112990008,0.0028430803956457332,0.0036598215815428757
93,19,3,14.52065613872459,37.49359126013168,12.33580372348742,632.34468886562331,0.010760953112990008,0.002886570428587954,0.0036502940588980849
94,19,4,14.491840079098296,37.746789985584499,26.029741412908926,505.86751114738877,0.010760953112990008,0.0025668405488461542,0.003323253239104576
95,19,5,14.446935237643201,37.953755974716003,47.346901220768494,426.31222000263404,0.010760953112990008,0.0018195974337393698,0.0023260080778526684
96,20,1,14.242133982494567,37.07248450095463,1.5125263246873584,849.93065089986169,0.010760953112990008,0.0015807549240242399,0.0021998763941871485
97,20,2,14.27255865910454,37.323561991314463,5.4756911072164716,684.34693581465592,0.010760953112990008,0.0021166219203892496,0.0030551918887557713
98,20,3,14.301382969080908,37.563687477219993,13.585286706240375,536.34445916642937,0.010760953112990008,0.0021819076218633163,0.003067053907276024
99,20,4,14.311480351646741,37.779810406584012,28.043727648156839,429.88244026657816,0.010760953112990008,0.0020600127300947598,0.0029012309303232055
100,20,5,14.294036655157953,37.954677909898891,48.421605724445577,377.14436232266411,0.010760953112990008,0.0015042160881042646,0.0020554288346933992
