peak_slip_quantile,weight_stochastic,weight_variable_uniform,weight_stochastic_variable_mu,weight_variable_uniform_variable_mu
0.00,1.74401604467,0.315945974141,1.27022068041,0.301645570013
0.02,1.66225478139,0.321909883204,1.21079343229,0.307290060227
0.04,1.58969103304,0.327152724528,1.16151447245,0.312252142644
0.06,1.5268872128,0.333427309359,1.12027625664,0.317332373663
0.08,1.47050481419,0.339877809493,1.08551484398,0.322534431057
0.10,1.41968813181,0.345551650208,1.05604408423,0.328762574064
0.12,1.37373050055,0.352345978852,1.02976230451,0.335168052504
0.14,1.332043416,0.360349974274,1.00737146421,0.340804600977
0.16,1.29413304244,0.3675707536,0.987293817786,0.347557149767
0.18,1.25958212659,0.375002253482,0.969311989375,0.354506693605
0.20,1.22675427481,0.383763586807,0.954002158766,0.361660729267
0.22,1.19674397242,0.392822871849,0.940282101107,0.370097246893
0.24,1.16810519499,0.401004378097,0.928645409016,0.377716362328
0.26,1.14186173913,0.411888050545,0.917703649005,0.386706569157
0.28,1.11671978364,0.421922052792,0.908532198899,0.394830520384
0.30,1.09363911351,0.432310304874,0.900459059452,0.404422161725
0.32,1.07243958478,0.444440448223,0.893430689125,0.415622335425
0.34,1.05200798737,0.457063209292,0.887401610483,0.425959698955
0.36,1.03230344327,0.470204068871,0.882590548777,0.438040393461
0.38,1.01328792507,0.485445596048,0.878401269652,0.449199571327
0.40,0.99578606347,0.501399620629,0.875117526986,0.463735456904
0.42,0.979682342376,0.518108300337,0.872829720775,0.477405662263
0.44,0.963255923242,0.535616681674,0.871319650791,0.493286653419
0.46,0.948126897234,0.555857113357,0.87055961861,0.509939518568
0.48,0.933441063533,0.579188593306,0.870630089063,0.527412598824
0.50,0.919919634339,0.601802487881,0.871539774359,0.547642450969
0.52,0.906763427191,0.630153691355,0.873192368306,0.56900233022
0.54,0.893957891283,0.660402493992,0.875624629529,0.591573111075
0.56,0.881489238445,0.692705161246,0.879064309136,0.617680054762
0.58,0.869344393744,0.729985180904,0.883413561997,0.647850824824
0.60,0.858160397345,0.773054976296,0.888380358926,0.680154346678
0.62,0.847244219612,0.822908063038,0.894580329587,0.717547217621
0.64,0.836586390315,0.880762063571,0.901786958929,0.760902158317
0.66,0.826783400588,0.948111345072,0.910047067989,0.811300789477
0.68,0.816601669287,1.03116340921,0.919415690907,0.866471396544
0.70,0.807231812509,1.13378311325,0.930578500279,0.934938380848
0.72,0.798061738608,1.26099933225,0.943136137231,1.02002296294
0.74,0.789085152006,1.41924030832,0.956412440473,1.12107404114
0.76,0.780839958185,1.63928747242,0.972864032955,1.25364787229
0.78,0.772221303074,1.932703979,0.99029366662,1.42847666029
0.80,0.764301675449,2.34675867573,1.0107181913,1.66079062827
0.82,0.756532729931,2.92556493396,1.03469833471,2.01351455335
0.84,0.748910226286,3.49702784107,1.06157735385,2.55673679841
0.86,0.741430081692,3.53106992664,1.0917232051,3.44081198867
0.88,0.734088363745,2.98194606218,1.12729314825,4.47776017965
0.90,0.726881283577,2.39173666191,1.16951303405,4.15824724593
0.92,0.720272925056,1.962337685,1.22000294643,3.06586521538
0.94,0.713775802157,1.65660814572,1.28095192878,2.3249425267
0.96,0.706934890169,1.43395492866,1.35539456562,1.87158838881
0.98,0.700659472545,1.27376085422,1.451428454,1.57124890384
1.00,0.69448706573,1.13995001263,1.58294140902,1.35428526116
