threshold_Mw,mean_exrate,p0.025,p0.16,p0.5,p0.84,p0.975
7.2000000000000002,0.02726588190406656,0.0050432301866034628,0.010895181359683004,0.022492136873959696,0.043574283472674627,0.076668323476076966
7.2999999999999998,0.022245231043704131,0.0043069232722737494,0.0090721335297198665,0.018587539130314308,0.035170467822838586,0.061413228412132197
7.4000000000000004,0.018159371682593958,0.003679017624579456,0.0075478251686060789,0.015295391671525306,0.028483556551373187,0.049407108372408366
7.5,0.01482929998593234,0.0030999425923913635,0.0063081510575425685,0.012566679600763674,0.023003238576184536,0.039839585143969986
7.5999999999999996,0.01211139068388754,0.0026082526957638234,0.0052637514782557021,0.010398455949305673,0.018721776935467529,0.032166166352068461
7.7000000000000002,0.0098899238022721169,0.0021907222930552988,0.0043607262926581066,0.0085341257923530704,0.015225398733825588,0.026116004815814556
7.7999999999999998,0.0080716752223293983,0.001820725942592024,0.0036091573752273288,0.0069655055177852403,0.012303788313166622,0.021159639773296518
7.9000000000000004,0.0065817519345145485,0.0015455148647457735,0.0029886320108906297,0.005733717810255121,0.010005031418099261,0.017170039875990938
8,0.0053591873692989938,0.001274044143401901,0.0024703447372470748,0.0046431148806297473,0.0080828638596212588,0.013877228939170431
8.0999999999999996,0.0043461328357782877,0.0010229763469911828,0.0020039654709678037,0.0037762370645251552,0.0065279152188601353,0.011188834788589348
8.1999999999999993,0.0035064882899284982,0.00079872914580222671,0.0016170178146994061,0.00307232470536891,0.0052748458957734608,0.0090238087168152212
8.3000000000000007,0.0028189824533329574,0.00060819510881876798,0.0012993155350694752,0.0024582936647517977,0.0042114868781603981,0.0072543398792493542
8.4000000000000004,0.0022523093114832568,0.00043358958094174465,0.0010296663201247748,0.0019723341316397092,0.0033632771855529073,0.0058132962088243588
8.5,0.0017826989316421552,0.00020088314315925472,0.00080554608794243261,0.0015826194240066071,0.0026627434169756974,0.0046058881370286539
8.5999999999999996,0.0013986007137476869,0,0.00061579710471486749,0.0012427909834840452,0.0021053298577477291,0.0036167952692564178
8.6999999999999993,0.001075732728342618,0,0.00044478378559382857,0.0009689494094386544,0.0016331938395508316,0.002814111204856425
8.8000000000000007,0.00082116676716122649,0,0.00030450803606407457,0.00075400883943633015,0.0012925530286993499,0.0022325475703876261
8.9000000000000004,0.00061553293577701297,0,0.00018982145008793446,0.00056865594493557558,0.00098574418059583341,0.0017307886722533023
9,0.00045034270133823841,0,8.7187396378140885e-05,0.00041575184489712119,0.00073851971601322959,0.0013018370605380183
9.0999999999999996,0.00032183460653507662,0,0,0.00030013891364807281,0.00055025732212354774,0.00099457816153250816
9.1999999999999993,0.00021512726238951397,0,0,0.00019496424036679935,0.00039643046321876063,0.00073986897238888585
9.3000000000000007,0.0001415063163135269,0,0,0.00011050128728051659,0.00028281185755913227,0.00054794342612292965
9.4000000000000004,8.7264922359151198e-05,0,0,4.2741961515576892e-05,0.00018848466165409777,0.00039683722937037478
9.5,4.8591259294556912e-05,0,0,0,0.00010725974391743137,0.0002918632633177424
9.5999999999999996,2.2172308090346058e-05,0,0,0,0,0.00022006302083514177
9.6999999999999993,0,0,0,0,0,0
9.8000000000000007,0,0,0,0,0,0
