zone,row_weight,use_bird_convergence,constant_mm_per_yr,columns,cols_bird,cols_griffin,cols_davies,traces,source,conv_bird_griffin,conv_bird,lon_c,lat_c
izumariana,0.5,1,,70,70,0,0,,bird,52.18,52.18,143.8,21.2
kermadectonga,0.0,1,,69,69,0,0,,bird,102.35,102.3,182.8,-28.3
kermadectonga2,0.5,1,,72,72,0,0,,bird,98.77,99.07,182.3,-29.0
kurilsjapan,0.5,1,,61,61,0,0,,bird,87.72,87.72,150.8,45.2
newhebrides,0.0,1,,34,34,0,0,,bird,102.39,102.39,167.9,-17.2
newhebrides2,0.5,1,,38,38,0,0,,bird,92.45,96.55,168.5,-17.8
puysegur,0.0,0,35.0,17,17,0,0,,bird,21.94,21.94,166.0,-47.0
puysegur2,1.0,0,35.0,14,14,0,0,,bird,24.91,24.91,165.4,-47.4
solomon,0.0,1,,46,45,1,0,trobriand,mixed,84.31,81.77,155.5,-7.7
solomon2,0.5,1,,42,41,1,0,trobriand,mixed,87.98,85.59,155.9,-7.8
southamerica,0.5,1,,165,165,0,0,,bird,58.71,58.71,285.3,-25.3
sunda,0.0,1,,123,91,0,32,Arakan,mixed,45.42,45.66,101.4,1.7
sunda2,0.5,1,,120,89,0,31,Arakan,mixed,45.02,45.34,101.6,1.5
alaskaaleutians,0.5,1,,78,78,0,0,,bird,54.99,55.35,190.2,54.2
cascadia,1.0,1,,22,22,0,0,,bird,37.69,37.69,235.2,45.5
mexico,1.0,1,,58,58,0,0,,bird,64.18,63.82,265.6,14.7
sandwich,1.0,1,,14,14,0,0,,bird,71.3,74.26,334.4,-58.0
ryuku,0.5,1,,40,40,0,0,,bird,79.5,79.5,130.5,28.8
hjort,1.0,1,,13,13,0,0,,bird,16.01,18.82,158.6,-57.2
makran,0.0,1,,16,16,0,0,,bird,41.27,41.27,61.9,25.5
makran2,1.0,1,,20,20,0,0,,bird,41.06,40.51,61.6,26.1
macquarieislandnorth,1.0,1,,13,13,0,0,,bird,7.16,17.03,160.6,-52.2
macquarienorth,0.0,1,,13,13,0,0,,bird,7.16,17.02,160.6,-52.2
timor,0.0,1,,22,0,22,0,timor,griffin,15.49,23.0,125.9,-9.2
timortrough,1.0,1,,22,0,22,0,timor,griffin,15.18,22.99,126.1,-9.7
flores,0.0,1,,40,0,40,0,flores_backthrust,griffin,18.84,41.51,121.1,-8.0
floreswetar,1.0,1,,40,0,40,0,flores_backthrust,griffin,18.9,41.56,121.1,-7.8
seram_thrust,1.0,1,,12,0,12,0,seram_thrust,griffin,37.95,51.39,130.7,-3.4
se_sulawesi,1.0,1,,11,0,11,0,se_sulawesi,griffin,10.57,32.01,125.1,-5.8
tolo_thrust,1.0,1,,6,0,6,0,tolo_thrust,griffin,10.43,15.61,122.8,-3.5
seramsouth,1.0,1,,5,0,0,5,seramsouth,griffin,1.0,37.99,132.6,-5.7
north_sulawesi,1.0,1,,11,0,11,0,north_sulawesi,griffin,33.97,29.09,121.9,1.1
sangihe,1.0,1,,13,0,13,0,sangihe,griffin,53.93,59.45,126.6,2.4
sangihe_backthrust,1.0,1,,15,0,15,0,sangihe_backthrust,griffin,18.97,43.37,126.2,2.4
manokwari,1.0,1,,7,0,7,0,manokwari,griffin,17.98,21.63,132.5,-0.4
newguinea,0.0,1,,23,0,23,0,newguinea,griffin,101.35,48.96,139.1,-1.7
newguinea2,1.0,1,,21,0,21,0,manus;newguinea,griffin,96.42,38.47,138.1,-2.2
mussau,1.0,1,,8,0,8,0,mussau,griffin,10.3,8.31,149.1,1.2
moresby_trough,1.0,1,,13,0,13,0,moresby_trough,griffin,4.32,10.27,146.7,-9.0
trobriand,1.0,1,,12,0,12,0,trobriand,griffin,1.0,12.92,151.0,-8.2
manus,1.0,1,,36,0,36,0,manus,griffin,5.99,12.41,148.9,-1.7
philippine,1.0,1,,33,33,0,0,,bird,98.79,98.79,126.8,8.0
