alongstrike_number,div_mm_per_yr,convergent_slip_mm_per_yr,distance_to_bird_km
1,114.000000,177.352516,31.3858
2,75.000000,116.679287,4.7686
3,77.900000,121.190886,2.1847
4,223.000000,251.412430,5.5342
5,229.000000,242.736998,10.1173
6,222.600000,231.952150,6.3514
7,219.400000,227.220532,14.4550
8,214.700000,215.069407,12.9947
9,207.400000,210.745154,8.1343
10,198.400000,200.057617,12.6862
11,192.900000,194.644317,3.1935
12,185.200000,188.478222,2.3147
13,179.200000,182.177057,9.9159
14,174.700000,175.236355,19.5232
15,160.800000,160.804478,18.9135
16,154.200000,154.423217,7.8487
17,147.900000,148.272250,3.5871
18,140.800000,142.062838,13.0782
19,134.700000,134.714847,17.2620
20,121.400000,121.490946,17.1168
21,115.400000,115.429286,11.6204
22,109.000000,109.237539,7.8495
23,103.600000,103.785355,2.0013
24,129.900000,130.443934,5.4555
25,128.500000,128.503152,6.4771
26,124.500000,126.606674,7.4077
27,122.500000,123.427145,12.0034
28,121.900000,121.904963,4.1057
29,119.200000,120.364156,14.2486
30,115.600000,118.598524,19.4830
31,114.300000,114.329567,23.7308
32,110.000000,111.785554,26.5479
33,110.000000,111.785554,20.3849
34,109.000000,109.244176,11.3862
35,106.800000,106.854106,7.5614
36,104.500000,104.677887,10.2552
37,102.200000,102.659291,17.6050
38,99.800000,100.506965,22.2293
39,97.300000,98.164607,18.7966
40,95.600000,95.901616,17.1103
41,91.000000,93.886154,20.1498
42,91.000000,91.686640,18.7950
43,70.400000,88.060036,17.0726
44,86.100000,86.812557,15.3001
45,82.900000,84.789445,9.2210
46,82.200000,82.200973,5.9772
47,79.300000,79.754248,7.2937
48,72.400000,77.807519,3.7908
49,75.800000,75.945573,6.8206
50,71.400000,72.877431,9.1111
51,71.300000,71.315777,5.7878
52,65.200000,68.940554,4.3842
53,64.600000,65.563709,30.7972
54,64.600000,65.563709,27.8991
55,58.900000,61.858063,19.3354
56,57.100000,58.131059,38.0525
57,57.100000,58.131059,20.2862
58,53.900000,54.113307,21.9721
59,53.900000,54.113307,25.7771
60,49.400000,51.081895,9.8827
61,48.600000,49.087371,11.6879
62,47.200000,47.210592,16.3310
63,44.700000,44.967766,20.6187
64,38.500000,40.386755,20.4851
65,35.900000,38.354400,10.3313
66,33.800000,36.107201,2.5109
67,14.600000,22.713568,21.0004
68,9.100000,14.157087,7.6442
69,8.500000,13.223653,16.4157
70,6.100000,9.489915,23.4312
71,4.400000,6.660330,35.0062
72,4.500000,5.825805,71.5336
73,4.500000,5.825805,108.6497
