event_id,Mw,area_km2,slip_m,mean_depth_km,is_edge_touching,conditional_probability,rate_mean,rate_p0.025,rate_p0.16,rate_p0.5,rate_p0.84,rate_p0.975
1,7.2000000000000002,3197.6261948347046,0.73799097752339182,17.391805533671608,1,0.079304380554822584,0.0012883765713070639,0.00053568332200983385,0.0008414668614208045,0.001248600642134899,0.0017359057505100363,0.0023716318720462619
2,7.2000000000000002,2849.4244908656901,0.8281740010466202,18.245442796295666,0,0.047146684577897488,0.0007659436137071418,0.00031846529081680221,0.00050025449313906192,0.00074229670828586478,0.0010320010105832442,0.0014099420362908828
3,7.2000000000000002,2840.9338916016359,0.83064913557353848,18.147904829390189,0,0.077951946349607032,0.0012664049660559584,0.00052654793197486885,0.00082711672643482909,0.0012273073641940924,0.0017063021107413957,0.0023311867409766427
4,7.2000000000000002,3213.614792097088,0.73431927407221553,17.17901004068883,0,0.091552113406715444,0.0014873528693073769,0.00061841401324391309,0.00097142262490196882,0.0014414339635300331,0.002003998253592057,0.0027379056313094983
5,7.2000000000000002,1782.8013733523976,1.3236579893603286,6.6759372300060171,0,0.051622022270421779,0.00083864981469372873,0.00034869519420265558,0.00054774050003528045,0.00081275825754156393,0.0011299623638095864,0.0015437789496556282
6,7.2000000000000002,1754.2695850429277,1.345186225310246,26.675937230006017,0,0.050795868199900271,0.00082522814061591334,0.00034311470856122282,0.00053897451172658689,0.00079975094955001588,0.0011118785506356828,0.0015190724541107182
7,7.2000000000000002,1922.9965038355897,1.2271573435383765,6.9081180148990633,0,0.056628034169377804,0.0009199773328103446,0.00038250968295211024,0.00060085727733534045,0.00089157495881130662,0.001239539726140941,0.0016934859051648465
8,7.2000000000000002,1940.3278818024432,1.216196140565863,26.908118014899063,0,0.057138405281208643,0.00092826880647869047,0.00038595712546071666,0.0006062726197745297,0.00089961045058995512,0.0012507113176939309,0.0017087487744656532
9,7.2000000000000002,2249.4668275863291,1.0490571598304237,6.793206891640958,0,0.067350780550913536,0.0010941787466715632,0.00045493943226159763,0.00071463202319877654,0.0010603982687441022,0.0014742515664547438,0.0020141542830829995
10,7.2000000000000002,2205.6016739318829,1.0699208788111154,26.793206891640956,0,0.066037423847279578,0.0010728419933309162,0.00044606800199425989,0.00070069652385307702,0.0010397202429902044,0.0014455033001123437,0.0019748777816348774
11,7.2000000000000002,2477.9437865237737,0.95232962673095212,6.5567152804695628,0,0.063891901819904062,0.0010379859072741952,0.00043157548141684651,0.00067793125321034342,0.0010059402656124889,0.0013985396393522368,0.0019107150155089443
12,7.2000000000000002,2248.2386916028117,1.0496302239145736,26.556715280469561,0,0.057969130104081258,0.00094176473686115412,0.00039156848551017575,0.00061508710649665649,0.00091268972237821535,0.0012688951807671583,0.0017335919603406469
13,7.2000000000000002,1954.4257026115595,1.2074233766610873,7.1963605377848872,0,0.0032338001034015185,5.2536218811175328e-05,2.184359514552096e-05,3.4312551266830035e-05,5.0914273050172642e-05,7.0785146497853556e-05,9.670819366342248e-05
14,7.2000000000000002,1876.4045260460646,1.2576282185020349,27.196360537784887,0,0.0031047059718068157,5.0438959448246838e-05,2.0971593210939056e-05,3.2942785397897425e-05,4.8881762179054172e-05,6.7959385249552424e-05,9.2847577707000226e-05
15,7.2000000000000002,3128.7099330197634,0.75424674444102935,18.099047799531487,0,0.056513129252091412,0.0009181105909945199,0.00038173352598099957,0.00059963806750816127,0.00088976584874065842,0.0012370245547811264,0.0016900496238121052
16,7.2000000000000002,2780.5991773473943,0.84867294089170453,18.753761806869186,0,0.066711452617784203,0.001083792244379214,0.00045062091531869496,0.00070784837183493932,0.0010503324279638666,0.0014602572192595885,0.0019950349041496906
17,7.2000000000000002,2586.339408182911,0.91241670517575646,18.043477332158368,0,0.05884129477191976,0.0009559338977133486,0.00039745976242752532,0.00062434129473384783,0.00092642144005499253,0.001287986126963326,0.0017596744227399153
18,7.2000000000000002,2458.5714114130874,0.95983353191442944,17.769291905002341,1,0.044206926150866896,0.0007181843870895095,0.00029860788131330678,0.00046906189974608113,0.00069601194779682178,0.00096765218744269943,0.0013220272864008359
19,7.2999999999999998,3197.6261948347046,1.0424399633446348,17.391805533671608,1,0.078103093044969721,0.0010166947154951491,0.00043225917109553455,0.00066694228259591836,0.00096734952421226967,0.001367548038064495,0.0018701622959526882
20,7.2999999999999998,2849.4244908656901,1.1698268699587915,18.245442796295666,0,0.046432515664173384,0.00060442796133220811,0.00025697933270478447,0.00039649912412436825,0.00057509210179237274,0.00081301128064644444,0.0011118169167944674
21,7.2999999999999998,2840.9338916016359,1.1733230904060556,18.147904829390189,0,0.076771145253080361,0.00099935629484451433,0.00042488754692524564,0.00065556843981980951,0.00095085262232878223,0.0013442262652820283,0.0018382690834888144
22,7.2999999999999998,3213.614792097088,1.0372535443671274,17.17901004068883,0,0.090165299594329756,0.0011737125899202281,0.00049901708299548216,0.00076994454864627354,0.0011167465494972377,0.0015787515417696333,0.0021589893195075459
23,7.2999999999999998,3705.7978771879871,0.89949140341747802,6.7920276224525402,0,0.079957729047479012,0.0010408371476243422,0.00044252359712366909,0.00068277949365471628,0.00099032020545765029,0.0014000218329895567,0.001914571168756384
24,7.2999999999999998,3694.5974668453709,0.90221826958039286,26.79202762245254,0,0.079724479393121203,0.0010378008569765429,0.00044123268407118637,0.00068078771521384786,0.00098743128091741757,0.0013959377424015873,0.0019089860543631191
25,7.2999999999999998,4172.4633314219191,0.79888858656485262,6.8506624532700107,0,0.061050403735327684,0.00079471401754620523,0.00033788158554087008,0.00052132500818114825,0.00075614264050122423,0.0010689635531235836,0.0014618392021012597
26,7.2999999999999998,4145.9295557343266,0.80400144009271124,26.850662453270012,0,0.0606549926751088,0.00078956681633176153,0.00033569319516516742,0.00051794849203070324,0.00075124525825861869,0.0010620400933917138,0.0014523711666189997
27,7.2999999999999998,2249.4668275863291,1.481832624715782,6.793206891640958,0,0.033165281937880632,0.00043172383537660222,0.0001835522348822177,0.00028320682288282182,0.00041077015585672637,0.00058070832380338893,0.00079413576846633967
28,7.2999999999999998,2205.6016739318829,1.5113034110964676,26.793206891640956,0,0.032518550823486217,0.00042330511493012126,0.0001799729213809091,0.0002776842205268349,0.00040276003728891886,0.00056938436937131395,0.00077864992663081208
29,7.2999999999999998,2477.9437865237737,1.3452013526140387,6.5567152804695628,0,0.062924079574776789,0.00081910429775472417,0.00034825138696212331,0.00053732480527609184,0.00077934914054054441,0.001101770726544131,0.0015067039798349361
30,7.2999999999999998,2248.2386916028117,1.4826420992501188,26.556715280469561,0,0.057091024866213258,0.00074317342656661327,0.00031596852472225238,0.00048751485959831574,0.00070710356770792683,0.00099963671095494068,0.0013670326997243798
31,7.2999999999999998,3496.631603367623,0.95329840584949921,7.647704168658187,0,0.022964506323051075,0.00029893684503836304,0.0001270963553531066,0.00019609979155326833,0.00028442797076656709,0.0004020975910534807,0.00054988032094720315
32,7.2999999999999998,3462.9085583097649,0.96258196750084657,27.647704168658187,0,0.02346017180620218,0.00030538909241713101,0.00012983960075523427,0.0002003324058563468,0.00029056705886924432,0.00041077645808156748,0.00056174892770597317
33,7.2999999999999998,3128.7099330197634,1.065401844432434,18.099047799531487,0,0.027828539617601775,0.00036225363255297299,0.00015401619832107957,0.00023763501559647443,0.00034467168340067639,0.00048726450224371049,0.00066634858512324173
34,7.2999999999999998,2780.5991773473943,1.1987823921149363,18.753761806869186,0,0.065700920359247919,0.0008552513854215043,0.00036361972704909853,0.00056103695877728912,0.0008137418323911059,0.001150391888892138,0.0015731948540694755
35,7.2999999999999998,2586.339408182911,1.2888228524017422,18.043477332158368,0,0.05794997815134275,0.00075435471570385051,0.00032072237531336894,0.00049484968133575551,0.00071774217393075798,0.0010146765747307779,0.0013876001572373489
36,7.2999999999999998,2458.5714114130874,1.3558009004169898,17.769291905002341,1,0.043537288132607453,0.00056673979282645739,0.00024095578479987518,0.00037177603591804923,0.00053923312532989129,0.00076231722262413797,0.0010424912965578755
37,7.4000000000000004,3197.6261948347046,1.4724855862394717,17.391805533671608,1,0.078517362441674413,0.00081990264342508704,0.00035040520718196026,0.00053739457463775737,0.00079339745352586058,0.0010893338678048523,0.0014695371830462185
38,7.4000000000000004,2849.4244908656901,1.6524243745253215,18.245442796295666,0,0.046678800023751847,0.00048743450290774938,0.00020831691341489296,0.00031948263547440319,0.00047167709052884244,0.0006476121483593542,0.00087364412356359851
39,7.4000000000000004,2840.9338916016359,1.6573629171713598,18.147904829390189,0,0.077178349818077654,0.00080592025844008358,0.00034442949708167231,0.00052823000139031926,0.00077986708046232556,0.001070756679843582,0.0014444761165794812
40,7.4000000000000004,3381.3171042566319,1.3924924332439992,6.9274736353474236,0,0.07214821733325219,0.00075339405540886966,0.00032198115494833475,0.0004938023815239189,0.00072903890462640362,0.0010009696479710312,0.0013503317580296035
41,7.4000000000000004,3369.3686462357814,1.397430491120675,26.927473635347425,0,0.071885564193147289,0.00075065134988261265,0.00032080899346565865,0.00049200471068890084,0.00072638486320117629,0.00099732565189036685,0.0013454159210271224
42,7.4000000000000004,3705.7978771879871,1.2705653783926061,6.7920276224525402,0,0.053587890456693002,0.0005595813674160858,0.00023915061935339844,0.00036677036393194397,0.00054149164600053666,0.00074346745946866596,0.0010029552080995578
43,7.4000000000000004,3694.5974668453709,1.2744171792268846,26.79202762245254,0,0.053431565895256709,0.00055794897787614058,0.00023845297823767194,0.0003657004353379862,0.00053991202710975653,0.00074129864439583686,0.001000029425208867
44,7.4000000000000004,4172.4633314219191,1.1284601224934652,6.8506624532700107,0,0.061374223355498796,0.00064088866974760378,0.00027389925975278132,0.00042006218278602218,0.00062017050761927915,0.00085149345357885995,0.0011486848322049387
45,7.4000000000000004,4145.9295557343266,1.1356822200617223,26.850662453270012,0,0.060976714981396667,0.00063673776405522204,0.00027212526990069876,0.00041734152538016185,0.00061615378925329849,0.00084597850349419355,0.0011412450339469515
46,7.4000000000000004,4727.4106141101029,0.9959910120822455,6.6749610860552604,0,0.064970113803507867,0.00067843807273448766,0.00028994690448071322,0.00044467345292627014,0.00065650604202706895,0.00090138210403934924,0.0012159858030371597
47,7.4000000000000004,4453.8403655346947,1.057168217907291,26.674961086055259,0,0.061387955328717048,0.00064103206326963469,0.00027396054243944998,0.00042015616821392085,0.00062030926562444441,0.00085168396817376295,0.00114894184090484
48,7.4000000000000004,4432.3694891353334,1.0622892549046936,6.876537909127225,0,0.033229772619057907,0.00034699558879119099,0.00014829694983501161,0.00022743376708805302,0.00033577817895740408,0.00046102308594845595,0.00062193105995060919
49,7.4000000000000004,4124.6432176488761,1.1415432156480629,26.876537909127222,0,0.030233869108648521,0.00031571143543650054,0.00013492691093384528,0.00020692897372049472,0.00030550535595047138,0.0004194585318539566,0.00056585949223033976
50,7.4000000000000004,3496.631603367623,1.3465697894914441,7.647704168658187,0,0.015390875452465029,0.00016071629351375923,6.868599165743634e-05,0.00010533941423750866,0.00015552077924917907,0.00021352986605976154,0.00028805684569233633
51,7.4000000000000004,3462.9085583097649,1.3596831688717923,27.647704168658187,0,0.015723071825857429,0.00016418519104432748,7.0168508841200996e-05,0.00010761305822176789,0.0001588775368951818,0.00021813869077120165,0.00029427425936483296
52,7.4000000000000004,3128.7099330197634,1.5049201053711514,18.099047799531487,0,0.027976145965431281,0.00029213559035356254,0.00012485120383980968,0.00019147649123166526,0.00028269165288033091,0.00038813534157409573,0.0005236037668110568
53,7.4000000000000004,2780.5991773473943,1.6933251366950324,18.753761806869186,0,0.066049406950227069,0.00068970838641425501,0.00029476354537293808,0.00045206043414232236,0.00066741201756656857,0.00091635599696506052,0.0012361859391750618
54,7.4000000000000004,5044.9108195959989,0.93330856588916444,17.906384618580354,1,0.1092601004473394,0.0011409278456622814,0.00048760308476244964,0.00074780638802523255,0.0011040447968599669,0.0015158523429191842,0.0020449207059139462
55,7.5,6047.0506857003948,1.0998542477834843,17.818624164983635,1,0.098935530405080033,0.0008297015489769871,0.00037183102361619221,0.00056007846915426252,0.00079229061026944063,0.0011029420055353137,0.0015046832301755749
56,7.5,5690.358382467326,1.1687971013779637,18.196673812842928,0,0.062364083011880324,0.00052300297035482043,0.00023438395415932361,0.00035304586734908531,0.00049942095813375906,0.00069524028939720766,0.00094847816036406967
57,7.5,6054.5486836987238,1.0984921801250742,17.663457435039511,0,0.084501046695067042,0.00070864985557780836,0.00031758166717882282,0.00047836421032090512,0.00067669709335286003,0.00094202510998925141,0.0012851531434031908
58,7.5,5304.3136080922213,1.2538614559069594,6.9210217618646368,0,0.068148650056806467,0.0005715139978662272,0.00025612418718465682,0.00038579256049337229,0.00054574464119690354,0.00075972715222153364,0.0010364540471934965
59,7.5,5309.6965280382246,1.252590303063311,26.921021761864637,0,0.068218069050607899,0.00057209616532871157,0.00025638508572553396,0.0003861855445267054,0.00054630055894190415,0.0007605010412776907,0.0010375098215487863
60,7.5,3705.7978771879871,1.7947212998773665,6.7920276224525402,0,0.044970619421117616,0.00037713642853467734,0.00016901381519403852,0.00025458069087185313,0.0003601314852153717,0.00050133642556330791,0.00068394576363527777
61,7.5,3694.5974668453709,1.8001621131701944,26.79202762245254,0,0.044839432835890751,0.00037603626045024829,0.00016852077450309669,0.00025383803773675994,0.00035908092330659135,0.00049987394595848826,0.0006819505829958588
62,7.5,4172.4633314219191,1.5939922906316066,6.8506624532700107,0,0.051504860841971846,0.00043193443897718232,0.00019357156169950223,0.00029157132423776567,0.00041245867345381099,0.00057418072434920527,0.00078332324155066515
63,7.5,4145.9295557343266,1.6041937745976986,26.850662453270012,0,0.051171274323523225,0.00042913688738028453,0.00019231783802600035,0.00028968287601478419,0.00040978726243294533,0.00057046187246484351,0.00077824981607786334
64,7.5,4727.4106141101029,1.4068746986729825,6.6749610860552604,0,0.065427011290144929,0.00054868955965672677,0.00024589540765138101,0.00037038524152735989,0.00052394934853973181,0.00072938608357456952,0.00099506139286573364
65,7.5,4453.8403655346947,1.4932897987759728,26.674961086055259,0,0.061819661552663441,0.00051843729686867142,0.00023233784607630835,0.00034996387308267295,0.00049506114919150494,0.00068917103102636153,0.00094019820435152978
66,7.5,4432.3694891353334,1.5005234558022063,6.876537909127225,0,0.033463458520195263,0.00028063409833306493,0.00012576626399390383,0.00018943813758172135,0.00026798040970860625,0.00037305358248240436,0.00050893652313636721
67,7.5,4124.6432176488761,1.6124726509122729,26.876537909127222,0,0.025372072117892108,0.00021277742637835993,9.5356274012306294e-05,0.00014363243672801802,0.00020318337021876237,0.00028285009431614318,0.00038587685611313275
68,7.5,3830.830228657624,1.7361443828744578,17.196360537784887,0,0.0026332230557787936,2.2082958864588024e-05,9.8964853195926459e-06,1.4906793666379019e-05,2.1087246344124495e-05,2.9355402515872737e-05,4.0047964135022095e-05
69,7.5,4833.7091267414162,1.3759359963211548,28.016390048061851,0,0.025066923479825122,0.00021021836294952127,9.4209428890205366e-05,0.00014190497661966962,0.00020073969402187845,0.00027944827042660663,0.00038123593452985157
70,7.5,5909.3091103671577,1.1254910276332415,18.426404803200334,0,0.071668138933023012,0.00060102943443636557,0.00026935153984644844,0.00040571654466696504,0.00057392923755128803,0.00079896272415105126,0.0010899809840699637
71,7.5,5366.9385855303062,1.239230573862145,18.398619569513777,0,0.057374596433636772,0.00048115971418973301,0.00021563188506835634,0.00032480016034001978,0.00045946439905106989,0.00063961705363279003,0.00087259443334779751
72,7.5,5044.9108195959989,1.3183333900364602,17.906384618580354,1,0.082521347974895479,0.00069204753800889416,0.00031014133306872987,0.00046715704719113213,0.00066084336819737411,0.00091995525431817283,0.0012550444508753825
73,7.5999999999999996,6047.0506857003948,1.553585418606984,17.818624164983635,1,0.099950495230572242,0.00067394885076233423,0.00033348075111148593,0.00046730352100059566,0.00065122200641223513,0.00088103009323253821,0.0011685063588011365
74,7.5999999999999996,5690.358382467326,1.6509697877426159,18.196673812842928,0,0.063003866822327087,0.00042482414459816176,0.0002102098322011223,0.00029456511180667508,0.0004104982618556876,0.00055535795528011264,0.00073656882680887999
75,7.5999999999999996,6054.5486836987238,1.5516614469011634,17.663457435039511,0,0.085367930308685017,0.00057562114515565975,0.00028482661796222372,0.00039912493001415195,0.0005562100991159184,0.00075248967426750962,0.00099802376339681084
76,7.5999999999999996,6750.6857504924137,1.3916526584275128,16.927473635347422,0,0.097689800449352729,0.00065870537801902688,0.00032593803517060179,0.00045673398226309857,0.00063649257272693684,0.00086110282694662867,0.0011420769126931443
77,7.5999999999999996,7400.3953440333589,1.2694740394452027,16.79202762245254,0,0.099804540182075019,0.00067296470118938061,0.00033299377804457827,0.00046662113010384997,0.00065027104424532356,0.00087974354843164829,0.0011668000200593953
78,7.5999999999999996,8318.3928871562457,1.1293779818198959,16.850662453270012,0,0.10372947429637935,0.00069942985105733431,0.00034608916064855511,0.00048497156975978834,0.00067584373863825015,0.00091434052627232837,0.0012126858404333727
79,7.5999999999999996,6394.1682473371384,1.4692465708567957,26.752680062336527,0,0.060820451843519058,0.00041010175615666014,0.000202924957169325,0.0002843568831726028,0.00039627234051282896,0.00053611188453372017,0.00071104284736522394
80,7.5999999999999996,6681.8363167216621,1.4059922041746173,6.8487609032984693,0,0.060201659938055672,0.00040592934968097392,0.00020086038321259168,0.00028146381460378132,0.00039224063556431502,0.00053065744142261496,0.00070380864332610809
81,7.5999999999999996,6330.244891580759,1.484083148722469,26.848760903298469,0,0.042678329530552256,0.00028777257254423316,0.00014239450595217017,0.00019953611649490359,0.00027806833095818032,0.00037619516100016596,0.00049894599645972277
82,7.5999999999999996,5974.5753898913972,1.5724313709015338,7.284041205928645,0,0.037205947826384235,0.00025087325201611672,0.00012413612757330541,0.00017395081816578878,0.00024241332609781569,0.0003279579516506272,0.00043496919670144181
83,7.5999999999999996,5711.1472499125766,1.6449601734616988,27.284041205928645,0,0.030127517709448805,0.00020314462564457916,0.00010051923416381916,0.00014085668182189177,0.00019629420030093303,0.00026556396419236291,0.00035221632406296204
84,7.5999999999999996,6959.5401616773879,1.3498894399105255,17.647704168658187,0,0.021102794556941487,0.00014229248296084636,7.0408613415730978e-05,9.8662944857471951e-05,0.00013749410826403917,0.00018601405638941137,0.00024670962931575024
85,7.5999999999999996,5909.3091103671577,1.5897983326679943,18.426404803200334,0,0.051716694045101472,0.00034871669656582488,0.0001725506405483831,0.00024179363159767799,0.00033695730254628228,0.00045586531283436379,0.00060461217033959814
86,7.5999999999999996,5366.9385855303062,1.7504597120246752,18.398619569513777,0,0.063232575105496236,0.00042636628487716783,0.00021097290806063377,0.00029563440301689267,0.00041198839821474141,0.00055737394209017031,0.00073924262129661255
87,7.5999999999999996,5044.9108195959989,1.8621954097562872,17.906384618580354,1,0.083367922155109506,0.00056213543712081628,0.00027815367232303644,0.0003897741924311143,0.00054317915495093259,0.00073486027317304164,0.00097464196584077167
88,7.7000000000000002,6047.0506857003948,2.1944977325608339,17.818624164983635,1,0.097629611718998976,0.00052990152178596431,0.00034253360635442854,0.0004117765218210976,0.00052261952019169527,0.00064145252246306666,0.00083468763432479351
89,7.7000000000000002,8903.9731745644131,1.4903727536330027,17.857452555458227,0,0.094736846174856199,0.00051420053888721787,0.00033238433507569996,0.00039957558285147942,0.0005071343030112938,0.00062244628324411536,0.00080995583844664881
90,7.7000000000000002,6054.5486836987238,2.1917800502915705,17.663457435039511,0,0.069488048975854366,0.00037715834622209428,0.00024379890071406091,0.00029308266837901523,0.0003719753686959597,0.00045655496843407828,0.00059409040138806745
91,7.7000000000000002,6750.6857504924137,1.9657616291029372,16.927473635347422,0,0.079517842514397322,0.00043159677699830388,0.00027898844301845686,0.00033538575066282216,0.00042566569680893139,0.00052245338031755141,0.0006798404570735122
92,7.7000000000000002,7400.3953440333589,1.7931797426402649,16.79202762245254,0,0.10634950450356533,0.00057723024075753595,0.00037312736033880725,0.00044855478057128446,0.00056929783943268273,0.00069874453790574496,0.00090923864965469607
93,7.7000000000000002,8318.3928871562457,1.5952888013908852,16.850662453270012,0,0.12158500997130182,0.00065992356904576947,0.00042658114900609158,0.00051281421312692973,0.0006508547811968678,0.00079884586209627844,0.0010394951137816827
94,7.7000000000000002,9181.2509796447976,1.4453628430233096,16.674961086055259,0,0.12556705575148955,0.00068153680791448689,0.00044055216126087757,0.00052960945518747951,0.00067217100706707777,0.00082500896225913361,0.0010735397475102743
95,7.7000000000000002,8557.0127067842095,1.5508027711503785,16.876537909127222,0,0.063066353369775938,0.00034230348800652085,0.00022126837420544863,0.0002659976125818486,0.00033759949218294555,0.000414362719868499,0.00053918789978620518
96,7.7000000000000002,6959.5401616773879,1.9067695149634081,17.647704168658187,0,0.030919171046035355,0.0001678191227146535,0.00010847994760412337,0.00013040908886919589,0.00016551292228133871,0.00020314717953637837,0.00026434448812497557
97,7.7000000000000002,8495.6485185500696,1.5620042412859554,18.298762312853015,0,0.089565306490743513,0.00048613111711715744,0.00031423998207445335,0.00037776336229576363,0.0004794506162611874,0.00058846789167845087,0.00076574158675861523
98,7.7000000000000002,7825.5099969433941,1.6957666687069908,18.1888436813433,1,0.12157524948298153,0.00065987059231541862,0.00042654690432145884,0.00051277304590459784,0.00065080253248223118,0.00079878173309132509,0.0010394116661599779
99,7.7999999999999998,8887.9845773020315,2.1089945281350051,17.928384386452485,1,0.13043890307237987,0.00057054624297484023,0.00055930465744085766,0.00056765454740755831,0.00051549673190715299,0.00062171240676149955,0.00078255096561896534
100,7.7999999999999998,8903.9731745644131,2.1052074699894074,17.857452555458227,0,0.081765917438025332,0.00035764818546327236,0.00035060137248805079,0.00035583551964470843,0.00032314027661903364,0.00038972180939952233,0.00049054381889689623
101,7.7999999999999998,9591.6196420940487,1.954280042279277,17.33428403336168,0,0.087964938883460991,0.0003847630132677596,0.00037718195147439827,0.00038281292155543982,0.00034763891330544635,0.00041926827484525965,0.0005277340290547242
102,7.7999999999999998,10614.010136130446,1.7660347596494825,16.921021761864633,0,0.099550688743462887,0.00043543965880043779,0.0004268601050314558,0.00043323272299694061,0.0003934259910012061,0.00047448956435274328,0.00059724120465043851
103,7.7999999999999998,7400.3953440333589,2.5329337107363337,16.79202762245254,0,0.069934190135090168,0.00030589562237366518,0.00029986850039060792,0.00030434525371177238,0.00027638109194469391,0.00033332811484681823,0.00041956093413042094
104,7.7999999999999998,8318.3928871562457,2.2534053264808502,16.850662453270012,0,0.099941100391125956,0.00043714733874515625,0.00042853413822028092,0.00043493174791923577,0.00039496890437849141,0.00047635038776799112,0.000599583427750077
105,7.7999999999999998,9181.2509796447976,2.0416292813731025,16.674961086055259,0,0.12385714055678196,0.00054175728671274038,0.0005310829356812007,0.00053901150201286817,0.00048948549609434454,0.00059034167826009238,0.00074306455097779159
106,7.7999999999999998,8557.0127067842095,2.1905671385549113,16.876537909127222,0,0.062207544383164039,0.00027209888995164566,0.00026673767167572753,0.00027071981303435153,0.00024584525838657187,0.00029650051653469555,0.00037320594377290232
107,7.7999999999999998,9740.1393390247813,1.9244807684193859,18.016390048061854,0,0.055883727435476663,0.00024443820041976898,0.00023962198618362901,0.00024319931598343876,0.00022085342778291366,0.00026635923688682659,0.00033526703948708264
108,7.7999999999999998,8495.6485185500696,2.2063896356763841,18.298762312853015,0,0.078529463807344088,0.00034349177647750509,0.00033672389003002259,0.00034175085948844768,0.00031034975760754329,0.00037429586415842886,0.00047112714293431754
109,7.7999999999999998,7825.5099969433941,2.3953340864684725,18.1888436813433,1,0.10992638515368799,0.00048082347042155052,0.00047134971043093644,0.00047838651616029107,0.0004344309171754464,0.00052394336253017994,0.00065948882444439997
110,7.9000000000000004,12101.599369399119,2.187942850851254,17.741040800011575,1,0.16203154193932581,0.00055458943593754949,7.6867274560006398e-05,0.00053806289824067819,0.00050838584222336058,0.00062452894020979485,0.00087813151816741152
111,7.9000000000000004,12441.04413295974,2.1282464350396761,17.562073724095178,0,0.10248264737222108,0.00035076993602165164,4.8617458668304603e-05,0.0003403171358149709,0.00032154681967487466,0.00039500567844521285,0.00055540570462807044
112,7.9000000000000004,9591.6196420940487,2.7604939324264355,17.33428403336168,0,0.072782880907204237,0.00024911579798056319,3.4527979077414896e-05,0.00024169224938870798,0.0002283616249440324,0.00028053189480485856,0.00039444753128112519
113,7.9000000000000004,10614.010136130446,2.4945904031137283,16.921021761864633,0,0.082369021282954785,0.00028192652186910354,3.9075615145147339e-05,0.0002735252271644164,0.00025843884318356637,0.00031748039272023131,0.00044639971232422054
114,7.9000000000000004,11855.463845551571,2.2333675146820866,16.792420712182011,0,0.1029235989364865,0.00035227919203671389,4.8826644759804903e-05,0.00034178141661988517,0.00032293033753624713,0.00039670526736363255,0.00055779544592122977
115,7.9000000000000004,13044.575365282832,2.0297792057387345,16.752680062336527,0,0.11852529283616001,0.00040567950234623535,5.6228041267137125e-05,0.00039359041958713276,0.00037188179598911226,0.00045683991300126612,0.00064234897782080116
116,7.9000000000000004,13012.081208302421,2.03484803086294,16.848760903298466,0,0.084020180728291302,0.00028757798685223032,3.985892020358193e-05,0.00027900828080929202,0.00026361947699853549,0.00032384456630132056,0.00045534818700461801
117,7.9000000000000004,11685.722639803973,2.2658083406801626,17.284041205928645,0,0.059328436198976681,0.0002030649315117187,2.8145231107102913e-05,0.00019701367985044667,0.00018614731825551602,0.00022867353442532762,0.00032153103726812924
118,7.9000000000000004,12326.478747207693,2.1480268913083389,18.023161869085982,0,0.075642737217008413,0.00025890430013720286,3.5884686281066647e-05,0.00025118905819634951,0.0002373346337872243,0.00029155482903690523,0.00040994655037957569
119,7.9000000000000004,10954.219929963156,2.4171148647215355,18.166394710890344,1,0.13989366258137126,0.00047881755918420153,6.6365131394440527e-05,0.00046454899233275374,0.00043892662269283698,0.00053920144058572275,0.00075815506557716766
120,8,15638.670327794445,2.3915470023642049,17.528020086010464,1,0.19118126369254668,0.00037181956405424668,0,0,0.00050212083100752624,0.00051592113191192954,0.00072709015813311577
121,8,12441.04413295974,3.0062279937030647,17.562073724095178,0,0.097845256134997977,0.00019029469613401966,0,0,0.00025698198856797703,0.00026404488767561607,0.00037211974323059368
122,8,13454.944027732083,2.7796931051004123,17.227742528746028,0,0.095234255323936493,0.00018521668187381778,0,0,0.00025012442380619213,0.00025699884944023683,0.00036218972730783355
123,8,15069.078637648659,2.4819443870945741,16.889068044308718,0,0.10013850776481444,0.00019475473476330868,0,0,0.00026300501295767147,0.00027023344901139885,0.00038084131279215777
124,8,11855.463845551571,3.1547154654292475,16.792420712182011,0,0.077963309291610564,0.00015162722074926407,0,0,0.00020476379794494713,0.0002103915310551203,0.00029650580703650871
125,8,13044.575365282832,2.8671393354005072,16.752680062336527,0,0.097975726267274341,0.00019054844143713217,0,0,0.00025732465693398189,0.00026439697394717131,0.0003726159401239306
126,8,13012.081208302421,2.8742992411955743,16.848760903298466,0,0.07639830988036693,0.00014858352605034444,0,0,0.0002006534641720536,0.00020616822877070405,0.00029055388660549148
127,8,14466.321817151367,2.5853576061785399,17.651471356163778,0,0.10013176551523219,0.00019474162207510902,0,0,0.00026298730503013863,0.00027021525439876304,0.00038081567103616013
128,8,14785.050158620779,2.5296238255635215,17.972387876269256,1,0.1631316061292204,0.00031726708728100381,0,0,0.00042845086412298875,0.00044022641789912806,0.00062041322986415722
129,8.0999999999999996,15638.670327794445,3.3781499305694314,17.528020086010464,1,0.18907834709269042,0.00021086943118103771,0,0,0.00031974971338058006,0.00036041518736700288,0.000512587280625144
130,8.0999999999999996,16304.368518597772,3.2402219700674775,17.431282582255953,0,0.12138467056311318,0.00013537412839341906,0,0,0.00020527318023530591,0.00023137963419491754,0.00032907119799933205
131,8.0999999999999996,17910.012529250296,2.9497340102781298,17.140835401325013,0,0.11612913371707508,0.00012951289635751727,0,0,0.00019638556075893105,0.00022136169546103151,0.00031482355208133967
132,8.0999999999999996,15069.078637648659,3.5058396304367854,16.889068044308718,0,0.088612074703516008,9.8824524731760824e-05,0,0,0.00014985156113416829,0.00016890954463225915,0.00024022540444866908
133,8.0999999999999996,16581.646323678156,3.186039073007938,16.733494354253899,0,0.094700458487285949,0.00010561458845421366,0,0,0.00016014760507439307,0.00018051502995583218,0.00025673088027449147
134,8.0999999999999996,16875.405593940457,3.1305779756195551,16.863600181198617,0,0.079835568622683345,8.9036535395706128e-05,0,0,0.0001350096432362217,0.00015218004528879241,0.00021643248762589465
135,8.0999999999999996,16140.791141322185,3.2730597044148015,17.161332627356721,0,0.077681562588559738,8.6634282392333392e-05,0,0,0.00013136701137159349,0.00014807414685930309,0.0002105930241841061
136,8.0999999999999996,17052.661225334279,3.0980368626305963,17.729872551362696,0,0.1075418352986636,0.00011993592067143005,0,0,0.0001818636112590524,0.0002049928578017362,0.00029154357311022931
137,8.0999999999999996,14785.050158620779,3.5731886273807034,17.972387876269256,1,0.12503634892641285,0.00013944665891404829,0,0,0.00021144852039443445,0.00023834034842660845,0.00033897081850449678
138,8.1999999999999993,19501.994713432479,3.826482318799886,17.424703074158561,1,0.20362348833937124,0.0001270443238156808,0,0,0,0.00027765272406479838,0.00039250023579381329
139,8.1999999999999993,20759.437020115984,3.5947043207369846,17.324936633820119,0,0.13444295305896423,8.3881354761453184e-05,0,0,0,0.00018332095404398227,0.00025914933098735744
140,8.1999999999999993,22636.195007376882,3.2966688053340722,17.043482047849107,0,0.12080504776704437,7.5372422564070496e-05,0,0,0,0.00016472485992085096,0.00023286119946349903
141,8.1999999999999993,19795.261115775244,3.769793058845222,16.822597491540886,0,0.094260999088772043,5.8811117465312972e-05,0,0,0,0.00012853047250839495,0.00018169546485148725
142,8.1999999999999993,20412.476552335782,3.6558052013408959,16.826067590960101,0,0.079993638384282056,4.9909456816442352e-05,0,0,0,0.00010907607853290994,0.00015419400867696919
143,8.1999999999999993,22784.714704307615,3.27517982650755,17.384535055199191,0,0.10373642829331989,6.4723006638672031e-05,0,0,0,0.00014145078318464205,0.0001999600974209584
144,8.1999999999999993,21507.729726852489,3.4696380743110145,17.573761608075742,0,0.11402810748580887,7.1144168728570607e-05,0,0,0,0.00015548409921463299,0.00021979811582792017
145,8.1999999999999993,19511.232636747369,3.8246706059837376,17.736442443635973,1,0.14910933758243727,9.3031973483297009e-05,0,0,0,0.00020331944070352314,0.0002874199368523924
146,8.3000000000000007,28683.245693077275,3.6749416878016214,17.237267577132737,1,0.246343381727049,8.5511839960688353e-05,0,0,0,0.00025157615590934185,0.00035291399374032375
147,8.3000000000000007,25485.61949824257,4.1360287650145118,17.215190726198614,0,0.14553786071412578,5.0519767027460463e-05,0,0,0,0.0001486293452701624,0.00020849899560912541
148,8.3000000000000007,26467.025236034508,3.9826634991616916,17.065321832125647,0,0.11771396112246907,4.0861407901741105e-05,0,0,0,0.00012021441626901561,0.00016863819862939823
149,8.3000000000000007,26754.801277452632,3.9398257623306914,17.058342256431548,0,0.11381508712221824,3.9508012948733003e-05,0,0,0,0.00011623272320918424,0.00016305263272187401
150,8.3000000000000007,26321.78566270294,4.0046392250776224,17.28330679445731,0,0.12711780519091864,4.4125713211503902e-05,0,0,0,0.00012981801481071591,0.00018211023974307021
151,8.3000000000000007,27829.625523903611,3.7876634469409995,17.514997446044482,1,0.24947190412321935,8.6597826945924956e-05,0,0,0,0.00025477113371871887,0.00035739594623118416
152,8.4000000000000004,32514.0759217349,4.5793868192777367,17.232722350538531,1,0.25869161512850158,4.5158282391907652e-05,0,0,0,0.00021097339842507225,0.00025788355302436928
153,8.4000000000000004,32445.159659919958,4.5891138239926832,17.311304824522963,0,0.17094727485330835,2.9841266049995868e-05,0,0,0,0.00013941436605663615,0.00017041329537142592
154,8.4000000000000004,32376.334346401662,4.5988693199153579,17.367784714586687,0,0.16287245788936455,2.8431692475144561e-05,0,0,0,0.00013282902862427515,0.00016236370131075687
155,8.4000000000000004,32121.739862982937,4.6353196107093302,17.356181659338706,0,0.17105065247439888,2.9859312076744322e-05,0,0,0,0.00013949867465717482,0.00017051635007699415
156,8.4000000000000004,31366.696482298939,4.7468986987843484,17.421768533151315,1,0.23643799965442666,4.1273598880538283e-05,0,0,0,0.00019282468153883602,0.00023569945005975703
157,8.5,41009.724440284968,5.1285181185009199,17.499232341117153,1,0.50837977085973929,4.4122950558295896e-05,0,0,0,2.1132346986846188e-05,0.00036644291292957815
158,8.5,40270.669656863349,5.2226376322720691,17.530689538728044,1,0.49162022914026071,4.2668367836765318e-05,0,0,0,2.0435685807040389e-05,0.00035436254380579385
159,8.5999999999999996,43468.295851698051,6.8344902928366356,17.520006153723703,1,1,3.9731581125100558e-05,0,0,0,0,0.00052282048687134013
160,8.6999999999999993,43468.295851698051,9.6539741369915593,17.520006153723703,1,1,1.4362073795254603e-05,0,0,0,0,0.00021625694409248785
161,8.8000000000000007,43468.295851698051,13.636600923317584,17.520006153723703,1,1,1.5094363121969808e-06,0,0,0,0,0
162,8.9000000000000004,43468.295851698051,19.262210785223498,17.520006153723703,1,1,0,0,0,0,0,0
163,9,43468.295851698051,27.208595926565447,17.520006153723703,1,1,0,0,0,0,0,0
164,9.0999999999999996,43468.295851698051,38.433163282743308,17.520006153723703,1,1,0,0,0,0,0,0
165,9.1999999999999993,43468.295851698051,54.288286095491891,17.520006153723703,1,1,0,0,0,0,0,0
166,9.3000000000000007,43468.295851698051,76.684242343103492,17.520006153723703,1,1,0,0,0,0,0,0
167,9.4000000000000004,43468.295851698051,108.31937139058417,17.520006153723703,1,1,0,0,0,0,0,0
168,9.5,43468.295851698051,153.00517889913547,17.520006153723703,1,1,0,0,0,0,0,0
169,9.5999999999999996,43468.295851698051,216.12555971674936,17.520006153723703,1,1,0,0,0,0,0,0
170,9.6999999999999993,43468.295851698051,305.28546745251714,17.520006153723703,1,1,0,0,0,0,0,0
171,9.8000000000000007,43468.295851698051,431.22718460438688,17.520006153723703,1,1,0,0,0,0,0,0
