level,item,value
0,unsegmented_weight,1
0,union_of_segments_weight,0
0,per_segment_weight,0
0,n_segments,0
1,n_branches_makran2,32000
1,mean_dip_deg_makran2,6.0604769778722565
1,dip_factor_makran2,1.0056204031373721
1,convergence_mm_per_yr_makran2,41.056758193
1,prior_mean_coupling_makran2,0.59911249380378984
2,a_min_makran2,2.5799905841606829
2,a_max_makran2,8.6922324275694809
3,prior_posterior_tvd_makran2,0.75465058984618705
4,edge_multiplier_makran2,2.4379355600404766
4,total_integrated_slip_makran2,2.2774772519586985
R,total_scenario_rate_makran2,0.045585737823831518
5,copula,comonotonic
5,N_samples,40000
