downdip_number,alongstrike_number,lon,lat,depth_km,convergent_slip_mm_per_yr
1,1,215.070215,59.568985,6.3310,52.369457
2,1,214.453083,60.301305,20.0394,52.369457
3,1,213.835259,61.040392,31.6092,52.369457
4,1,213.259417,61.794193,40.3508,52.369457
1,2,214.485893,59.500722,6.5427,52.369457
2,2,213.797790,60.226469,20.6163,52.369457
3,2,213.142755,60.967763,31.8982,52.369457
4,2,212.543517,61.727043,40.2746,52.369457
1,3,213.949058,59.380246,6.9463,52.893289
2,3,213.141780,60.118847,21.1600,52.893289
3,3,212.447141,60.898519,31.3686,52.893289
4,3,211.739784,61.681848,39.6048,52.893289
1,4,213.520992,59.153601,6.7216,52.893289
2,4,212.610077,59.878370,20.9994,52.893289
3,4,211.885981,60.674863,31.2897,52.893289
4,4,211.045451,61.436912,39.4618,52.893289
1,5,213.189836,58.852298,6.1666,53.322603
2,5,212.215319,59.534323,19.4953,53.322603
3,5,211.509856,60.317075,30.4388,53.322603
4,5,210.650175,61.041857,39.5602,53.322603
1,6,212.848770,58.545027,6.0768,53.322603
2,6,211.851083,59.190114,18.1024,53.322603
3,6,211.126105,59.936889,28.5896,53.322603
4,6,210.311437,60.638957,39.0140,53.322603
1,7,212.441571,58.265107,5.5607,53.801487
2,7,211.460473,58.874253,16.4633,53.801487
3,7,210.702962,59.567624,26.2275,53.801487
4,7,209.927714,60.242189,37.7749,53.801487
1,8,212.024781,57.995064,4.3120,54.364786
2,8,211.077510,58.581254,13.5622,54.364786
3,8,210.300698,59.232558,23.3079,54.364786
4,8,209.508042,59.870858,36.5076,54.364786
1,9,211.620866,57.723175,3.5522,54.364786
2,9,210.699524,58.302171,11.5155,54.364786
3,9,209.869026,58.918982,20.6662,54.364786
4,9,209.023172,59.518866,35.1529,54.364786
1,10,211.141291,57.493063,3.5774,55.060058
2,10,210.311718,58.037232,11.7876,55.060058
3,10,209.507976,58.595712,21.0382,55.060058
4,10,208.684772,59.134426,35.2780,55.060058
1,11,210.603319,57.268921,3.9293,55.060058
2,11,209.929904,57.768988,13.4672,55.060058
3,11,209.267361,58.276064,24.3794,55.060058
4,11,208.521516,58.747869,37.2914,55.060058
1,12,210.030425,57.013566,3.9664,55.700090
2,12,209.443484,57.505798,13.9402,55.700090
3,12,208.852871,57.996958,25.6273,55.700090
4,12,208.147521,58.449352,38.1035,55.700090
1,13,209.407239,56.757333,3.6967,56.164847
2,13,208.824860,57.245241,13.1133,56.164847
3,13,208.240850,57.732094,24.6351,56.164847
4,13,207.575824,58.192466,37.6684,56.164847
1,14,208.778209,56.493504,3.4133,56.539632
2,14,208.172681,56.988491,11.7140,56.539632
3,14,207.591330,57.489499,22.5210,56.539632
4,14,206.964319,57.967983,36.6702,56.539632
1,15,208.124058,56.264504,3.3406,57.019733
2,15,207.525832,56.792150,10.7915,57.019733
3,15,206.920764,57.315163,20.5152,57.019733
4,15,206.244400,57.798690,35.5144,57.019733
1,16,207.448733,56.061485,3.2014,57.699913
2,16,206.914574,56.566980,10.3858,57.699913
3,16,206.342325,57.059925,19.5451,57.699913
4,16,205.685081,57.502700,34.8107,57.699913
1,17,206.789829,55.834760,2.9888,57.699913
2,17,206.325619,56.286360,9.8712,57.699913
3,17,205.837759,56.729001,19.1525,57.699913
4,17,205.275206,57.123581,34.7201,57.699913
1,18,206.137076,55.589558,2.8193,58.397688
2,18,205.688182,56.010145,9.5560,58.397688
3,18,205.233573,56.425507,19.5008,58.397688
4,18,204.727211,56.805987,35.2140,58.397688
1,19,205.464792,55.338106,2.7212,59.169671
2,19,205.002001,55.747775,9.2249,59.169671
3,19,204.545137,56.155834,19.2782,59.169671
4,19,204.064596,56.541363,35.2246,59.169671
1,20,204.822382,55.052187,2.6896,59.169671
2,20,204.351578,55.471628,9.1549,59.169671
3,20,203.882077,55.888262,19.1070,59.169671
4,20,203.390569,56.283717,35.0918,59.169671
1,21,204.129055,54.774693,2.6680,59.800000
2,21,203.702124,55.205913,9.3885,59.800000
3,21,203.234615,55.619591,19.8505,59.800000
4,21,202.742806,56.013541,35.5800,59.800000
1,22,203.328887,54.556344,2.7305,60.408774
2,22,202.974638,54.980684,9.9977,60.408774
3,22,202.547776,55.377002,21.4408,60.408774
4,22,202.092075,55.755852,36.6235,60.408774
1,23,202.495812,54.359416,2.7769,61.005737
2,23,202.195464,54.760126,10.6496,61.005737
3,23,201.835853,55.138076,22.6949,61.005737
4,23,201.446436,55.501356,37.2721,61.005737
1,24,201.666887,54.180994,2.8863,61.619802
2,24,201.403161,54.558511,10.8135,61.619802
3,24,201.099749,54.919971,22.5301,61.619802
4,24,200.779840,55.270081,37.0529,61.619802
1,25,200.887302,54.022161,2.7975,61.619802
2,25,200.635554,54.394701,10.2677,61.619802
3,25,200.348728,54.752237,21.6392,61.619802
4,25,200.064334,55.101046,36.6190,61.619802
1,26,200.143429,53.879348,3.0865,62.323832
2,26,199.886304,54.255455,10.6511,62.323832
3,26,199.597489,54.618385,21.6928,62.323832
4,26,199.313791,54.972288,36.5782,62.323832
1,27,199.401261,53.735228,3.5296,62.709648
2,27,199.159030,54.106927,11.5512,62.709648
3,27,198.880088,54.465491,22.3285,62.709648
4,27,198.581838,54.808781,36.7570,62.709648
1,28,198.666378,53.588355,3.3376,63.185600
2,28,198.456096,53.934839,11.3342,63.185600
3,28,198.204313,54.265757,22.3377,63.185600
4,28,197.917051,54.576200,36.7910,63.185600
1,29,197.955385,53.438446,3.0619,63.572478
2,29,197.759090,53.747766,10.9242,63.572478
3,29,197.535042,54.042521,22.2786,63.572478
4,29,197.286966,54.319413,36.8663,63.572478
1,30,197.244362,53.270898,3.1422,64.001953
2,30,197.045878,53.561646,11.0876,64.001953
3,30,196.837141,53.841204,22.5395,64.001953
4,30,196.622358,54.108390,37.0441,64.001953
1,31,196.525674,53.099750,3.2546,64.480152
2,31,196.325444,53.391893,11.3003,64.480152
3,31,196.124154,53.675658,22.6682,64.480152
4,31,195.924698,53.949353,37.0725,64.480152
1,32,195.829657,52.932089,3.1794,64.875265
2,32,195.624302,53.236897,11.1970,64.875265
3,32,195.417732,53.533484,22.6454,64.875265
4,32,195.212100,53.820449,37.0777,64.875265
1,33,195.150115,52.769615,3.1467,65.365511
2,33,194.941713,53.081633,11.1837,65.365511
3,33,194.729927,53.384352,22.8805,65.365511
4,33,194.509241,53.676248,37.2936,65.365511
1,34,194.479270,52.596912,2.9556,65.743821
2,34,194.282581,52.894926,10.8521,65.743821
3,34,194.084800,53.183199,22.6369,65.743821
4,34,193.873823,53.458529,37.1904,65.743821
1,35,193.809765,52.416265,2.6552,66.138113
2,35,193.623439,52.699698,10.1205,66.138113
3,35,193.440094,52.972822,21.8737,66.138113
4,35,193.254477,53.233404,36.8584,66.138113
1,36,193.123859,52.252101,2.7557,66.138113
2,36,192.937953,52.534406,10.1940,66.138113
3,36,192.756678,52.807074,21.7723,66.138113
4,36,192.583975,53.069214,36.7839,66.138113
1,37,192.431604,52.092623,2.9493,66.657333
2,37,192.246496,52.376374,10.5594,66.657333
3,37,192.068524,52.652567,21.8585,66.657333
4,37,191.903779,52.918764,36.6984,66.657333
1,38,191.752767,51.928542,2.9535,67.272877
2,38,191.561983,52.218745,10.5995,67.272877
3,38,191.383615,52.502856,21.9615,67.272877
4,38,191.218370,52.777670,36.7655,67.272877
1,39,191.090082,51.755175,3.1240,67.617232
2,39,190.894982,52.049554,10.9542,67.617232
3,39,190.714804,52.339278,22.2393,67.617232
4,39,190.544398,52.619795,36.8591,67.617232
1,40,190.411140,51.568797,3.1854,67.960577
2,40,190.228594,51.863739,11.1704,67.960577
3,40,190.057531,52.153946,22.3610,67.960577
4,40,189.889687,52.433331,36.8260,67.960577
1,41,189.694828,51.394426,3.0022,68.410672
2,41,189.537179,51.687113,10.9051,68.410672
3,41,189.386042,51.972569,22.3837,68.410672
4,41,189.236749,52.247388,36.9308,68.410672
1,42,188.951630,51.250362,3.0483,68.738490
2,42,188.817001,51.545669,10.8230,68.738490
3,42,188.685170,51.832573,22.2104,68.738490
4,42,188.562588,52.109401,36.8858,68.738490
1,43,188.203596,51.140205,3.2349,69.139931
2,43,188.085264,51.452600,11.1596,69.139931
3,43,187.962705,51.756744,22.3915,69.139931
4,43,187.854271,52.052010,36.9168,69.139931
1,44,187.469464,51.059290,3.4421,69.587140
2,44,187.364892,51.379311,11.6896,69.587140
3,44,187.247563,51.691471,22.7847,69.587140
4,44,187.139126,51.994810,36.9872,69.587140
1,45,186.747289,50.988008,3.6444,69.587140
2,45,186.649798,51.296103,12.2241,69.587140
3,45,186.542683,51.597517,23.2564,69.587140
4,45,186.437913,51.889690,37.1267,69.587140
1,46,186.023919,50.899132,3.7484,69.868734
2,46,185.929496,51.197635,12.5674,69.868734
3,46,185.837563,51.490453,23.8733,69.868734
4,46,185.749204,51.775896,37.5043,69.868734
1,47,185.280975,50.805341,3.8111,70.280154
2,47,185.198939,51.113424,12.7108,70.280154
3,47,185.124857,51.415974,24.2659,70.280154
4,47,185.052714,51.712648,37.8161,70.280154
1,48,184.539633,50.723362,3.4582,70.564935
2,48,184.469393,51.047772,11.8630,70.564935
3,48,184.411268,51.365368,23.6330,70.564935
4,48,184.347892,51.676004,37.6781,70.564935
1,49,183.821274,50.650088,3.2196,70.882226
2,49,183.753675,50.978741,11.0895,70.882226
3,49,183.699130,51.299568,22.7152,70.882226
4,49,183.647952,51.611958,37.2953,70.882226
1,50,183.094348,50.594716,3.6349,71.206741
2,50,183.036940,50.929174,11.9679,71.206741
3,50,182.988573,51.257558,23.2149,71.206741
4,50,182.952439,51.578355,37.3319,71.206741
1,51,182.356035,50.550331,3.5846,71.514055
2,51,182.319401,50.899754,12.0101,71.514055
3,51,182.287883,51.243560,23.2674,71.514055
4,51,182.253940,51.579542,37.2920,71.514055
1,52,181.631903,50.517566,3.1507,71.743223
2,52,181.610617,50.862540,10.9606,71.743223
3,52,181.589055,51.201243,21.8705,71.743223
4,52,181.556664,51.527356,36.5107,71.743223
1,53,180.908934,50.496076,2.9764,71.996180
2,53,180.899001,50.819940,10.5492,71.996180
3,53,180.887333,51.137776,21.0652,71.996180
4,53,180.866958,51.439049,35.9424,71.996180
1,54,180.159185,50.488873,3.0384,72.327312
2,54,180.169369,50.792388,10.7599,72.327312
3,54,180.181006,51.088647,21.6058,72.327312
4,54,180.180000,51.369909,36.3343,72.327312
1,55,179.382076,50.505636,3.0640,71.096579
2,55,179.419021,50.795942,10.6873,71.096579
3,55,179.458328,51.077338,21.7493,71.096579
4,55,179.488944,51.344605,36.5760,71.096579
1,56,178.590382,50.565374,3.1371,71.096579
2,56,178.665651,50.849017,10.7624,71.096579
3,56,178.736014,51.124746,21.6846,71.096579
4,56,178.798973,51.386118,36.5093,71.096579
1,57,177.818492,50.678617,3.0975,70.474289
2,57,177.930940,50.952048,10.5116,70.474289
3,57,178.031381,51.218809,21.1708,70.474289
4,57,178.121739,51.468890,36.2067,70.474289
1,58,177.110832,50.830805,2.6949,54.294762
2,58,177.245688,51.102754,9.3383,54.294762
3,58,177.360040,51.368272,19.8931,54.294762
4,58,177.474431,51.611475,35.6997,54.294762
1,59,176.457137,51.008193,2.8175,56.628347
2,59,176.599504,51.288027,9.7111,56.628347
3,59,176.727540,51.563595,19.5421,56.628347
4,59,176.856484,51.812719,35.0985,56.628347
1,60,175.788896,51.151219,3.0135,56.628347
2,60,175.930900,51.431128,10.2450,56.628347
3,60,176.076825,51.705240,19.7311,56.628347
4,60,176.207520,51.955211,34.9495,56.628347
1,61,175.101518,51.269981,2.8510,50.716597
2,61,175.247284,51.541478,9.7828,50.716597
3,61,175.396621,51.804162,19.8954,50.716597
4,61,175.523321,52.047234,35.4136,50.716597
1,62,174.419541,51.403367,2.9137,50.716597
2,62,174.569243,51.665554,10.0520,50.716597
3,62,174.714588,51.918761,20.7510,50.716597
4,62,174.842495,52.155693,36.0627,50.716597
1,63,173.728188,51.552214,3.3488,48.849728
2,63,173.884941,51.799589,11.2818,48.849728
3,63,174.031966,52.039112,22.5305,48.849728
4,63,174.166595,52.267808,37.0475,48.849728
1,64,173.020039,51.737418,3.4329,35.626076
2,64,173.189813,51.962828,12.0763,35.626076
3,64,173.351605,52.178367,24.1588,35.626076
4,64,173.506708,52.388615,37.9654,35.626076
1,65,172.339697,51.939333,2.6777,35.626076
2,65,172.542681,52.169476,10.0141,35.626076
3,65,172.744675,52.384811,21.8798,35.626076
4,65,172.936472,52.589044,36.9934,35.626076
1,66,171.712133,52.161982,2.2361,19.913265
2,66,171.952447,52.407703,8.3272,19.913265
3,66,172.184515,52.641836,19.2956,19.913265
4,66,172.401780,52.856581,35.6545,19.913265
1,67,171.121294,52.421962,2.4714,19.913265
2,67,171.361934,52.657468,9.2022,19.913265
3,67,171.586345,52.885487,20.3509,19.913265
4,67,171.800006,53.096138,36.0700,19.913265
1,68,170.522357,52.673216,2.6547,23.024713
2,68,170.747244,52.903467,9.7300,23.024713
3,68,170.967729,53.121634,21.0548,23.024713
4,68,171.179133,53.323703,36.4295,23.024713
1,69,169.853003,52.882189,2.7450,23.024713
2,69,170.082958,53.122239,9.7502,23.024713
3,69,170.325381,53.344799,20.8975,23.024713
4,69,170.555432,53.552087,36.3422,23.024713
1,70,169.131769,53.105701,2.6163,20.846699
2,70,169.393835,53.342693,9.1218,20.846699
3,70,169.665058,53.562533,19.8642,20.846699
4,70,169.915284,53.766080,35.8088,20.846699
1,71,168.482648,53.394868,2.3244,12.290218
2,71,168.772420,53.618767,8.2204,12.290218
3,71,169.054090,53.831508,18.3488,12.290218
4,71,169.311640,54.020365,34.9028,12.290218
1,72,167.936138,53.682479,2.2345,12.290218
2,72,168.199789,53.918125,7.9844,12.290218
3,72,168.479168,54.135955,17.7264,12.290218
4,72,168.741842,54.322621,34.4265,12.290218
1,73,167.373541,53.954838,2.2811,25.513871
2,73,167.615199,54.206189,8.0531,25.513871
3,73,167.895157,54.432279,17.7212,25.513871
4,73,168.163366,54.625687,34.3992,25.513871
1,74,166.791761,54.238849,2.3576,25.513871
2,74,167.041094,54.493527,8.1906,25.513871
3,74,167.319043,54.727403,17.8000,25.513871
4,74,167.586274,54.928819,34.4169,25.513871
1,75,166.248217,54.502795,2.4142,25.513871
2,75,166.482353,54.770002,8.2733,25.513871
3,75,166.746612,55.017985,17.7961,25.513871
4,75,167.008640,55.231353,34.3870,25.513871
1,76,165.737382,54.751855,2.4817,13.223653
2,76,165.944289,55.036595,8.3525,13.223653
3,76,166.180503,55.304127,17.7535,13.223653
4,76,166.431050,55.533357,34.3327,13.223653
1,77,165.237144,54.999833,2.6198,13.223653
2,77,165.423976,55.299494,8.5199,13.223653
3,77,165.621672,55.587814,17.7454,13.223653
4,77,165.853179,55.835820,34.2952,13.223653
1,78,164.727694,55.251703,2.7587,22.869140
2,78,164.911685,55.564181,8.8127,22.869140
3,78,165.086380,55.870420,18.0598,22.869140
4,78,165.274683,56.143086,34.4558,22.869140
